symbol,filingDate,filing_detail_url,document_type
CRMT,2026-06-05 00:00:00,https://www.sec.gov/Archives/edgar/data/799850/000117184326003947/0001171843-26-003947-index.htm,8-K
ZCAR,2026-06-05 00:00:00,https://www.sec.gov/Archives/edgar/data/1854275/000121390026065928/0001213900-26-065928-index.htm,8-K
ZCARW,2026-06-05 00:00:00,https://www.sec.gov/Archives/edgar/data/1854275/000121390026065928/0001213900-26-065928-index.htm,8-K
IOAC,2026-06-05 00:00:00,https://www.sec.gov/Archives/edgar/data/1854275/000121390026065928/0001213900-26-065928-index.htm,8-K
IOACU,2026-06-05 00:00:00,https://www.sec.gov/Archives/edgar/data/1854275/000121390026065928/0001213900-26-065928-index.htm,8-K
IOACW,2026-06-05 00:00:00,https://www.sec.gov/Archives/edgar/data/1854275/000121390026065928/0001213900-26-065928-index.htm,8-K
None,2026-06-05 00:00:00,https://www.sec.gov/Archives/edgar/data/2104177/000121390026065914/0001213900-26-065914-index.htm,8-K
XOS,2026-06-05 00:00:00,https://www.sec.gov/Archives/edgar/data/1819493/000121390026065896/0001213900-26-065896-index.htm,8-K
XOSWW,2026-06-05 00:00:00,https://www.sec.gov/Archives/edgar/data/1819493/000121390026065896/0001213900-26-065896-index.htm,8-K
NGACU,2026-06-05 00:00:00,https://www.sec.gov/Archives/edgar/data/1819493/000121390026065896/0001213900-26-065896-index.htm,8-K
NGAC,2026-06-05 00:00:00,https://www.sec.gov/Archives/edgar/data/1819493/000121390026065896/0001213900-26-065896-index.htm,8-K
HHH,2026-06-05 00:00:00,https://www.sec.gov/Archives/edgar/data/1981792/000110465926071029/0001104659-26-071029-index.htm,8-K
None,2026-06-05 00:00:00,https://www.sec.gov/Archives/edgar/data/2049595/000119312526259869/0001193125-26-259869-index.htm,8-K
BRO,2026-06-05 00:00:00,https://www.sec.gov/Archives/edgar/data/79282/000119312526259864/0001193125-26-259864-index.htm,8-K
KARX,2026-06-05 00:00:00,https://www.sec.gov/Archives/edgar/data/1729637/000147793226003674/0001477932-26-003674-index.htm,8-K
SCTC,2026-06-05 00:00:00,https://www.sec.gov/Archives/edgar/data/1577445/000149315226027515/0001493152-26-027515-index.htm,8-K
ODYS,2026-06-05 00:00:00,https://www.sec.gov/Archives/edgar/data/1577445/000149315226027515/0001493152-26-027515-index.htm,8-K
GOOG,2026-06-05 00:00:00,https://www.sec.gov/Archives/edgar/data/1652044/000119312526259830/0001193125-26-259830-index.htm,8-K
GOOGL,2026-06-05 00:00:00,https://www.sec.gov/Archives/edgar/data/1652044/000119312526259830/0001193125-26-259830-index.htm,8-K
NMEX,2026-06-05 00:00:00,https://www.sec.gov/Archives/edgar/data/1415744/000143774926019754/0001437749-26-019754-index.htm,8-K
BMNR,2026-06-05 00:00:00,https://www.sec.gov/Archives/edgar/data/1829311/000149315226027502/0001493152-26-027502-index.htm,8-K
SSHI,2026-06-05 00:00:00,https://www.sec.gov/Archives/edgar/data/1829311/000149315226027502/0001493152-26-027502-index.htm,8-K
IONI,2026-06-05 00:00:00,https://www.sec.gov/Archives/edgar/data/1580490/000149315226027501/0001493152-26-027501-index.htm,8-K
PHGE-WT,2026-06-05 00:00:00,https://www.sec.gov/Archives/edgar/data/1739174/000121390026065850/0001213900-26-065850-index.htm,8-K
PHGE-UN,2026-06-05 00:00:00,https://www.sec.gov/Archives/edgar/data/1739174/000121390026065850/0001213900-26-065850-index.htm,8-K
PHGE,2026-06-05 00:00:00,https://www.sec.gov/Archives/edgar/data/1739174/000121390026065850/0001213900-26-065850-index.htm,8-K
AASP,2026-06-05 00:00:00,https://www.sec.gov/Archives/edgar/data/930245/000147237526000150/0001472375-26-000150-index.htm,8-K
PSTV,2026-06-05 00:00:00,https://www.sec.gov/Archives/edgar/data/1095981/000119312526259703/0001193125-26-259703-index.htm,8-K
CYTX,2026-06-05 00:00:00,https://www.sec.gov/Archives/edgar/data/1095981/000119312526259703/0001193125-26-259703-index.htm,8-K
AVEX,2026-06-05 00:00:00,https://www.sec.gov/Archives/edgar/data/2096300/000119312526259643/0001193125-26-259643-index.htm,8-K
TAVIR,2026-06-05 00:00:00,https://www.sec.gov/Archives/edgar/data/2020385/000121390026065833/0001213900-26-065833-index.htm,8-K
TAVI,2026-06-05 00:00:00,https://www.sec.gov/Archives/edgar/data/2020385/000121390026065833/0001213900-26-065833-index.htm,8-K
TAVIU,2026-06-05 00:00:00,https://www.sec.gov/Archives/edgar/data/2020385/000121390026065833/0001213900-26-065833-index.htm,8-K
UNCY,2026-06-05 00:00:00,https://www.sec.gov/Archives/edgar/data/1766140/000121390026065828/0001213900-26-065828-index.htm,8-K
PEV,2026-06-05 00:00:00,https://www.sec.gov/Archives/edgar/data/1879848/000149315226027496/0001493152-26-027496-index.htm,8-K
DHAC,2026-06-05 00:00:00,https://www.sec.gov/Archives/edgar/data/1864531/000118518526002359/0001185185-26-002359-index.htm,8-K
VSEE,2026-06-05 00:00:00,https://www.sec.gov/Archives/edgar/data/1864531/000118518526002359/0001185185-26-002359-index.htm,8-K
DHACU,2026-06-05 00:00:00,https://www.sec.gov/Archives/edgar/data/1864531/000118518526002359/0001185185-26-002359-index.htm,8-K
DHACW,2026-06-05 00:00:00,https://www.sec.gov/Archives/edgar/data/1864531/000118518526002359/0001185185-26-002359-index.htm,8-K
VSEEW,2026-06-05 00:00:00,https://www.sec.gov/Archives/edgar/data/1864531/000118518526002359/0001185185-26-002359-index.htm,8-K
DDD,2026-06-05 00:00:00,https://www.sec.gov/Archives/edgar/data/910638/000119312526259572/0001193125-26-259572-index.htm,8-K
SRTS,2026-06-05 00:00:00,https://www.sec.gov/Archives/edgar/data/1494891/000175392626000983/0001753926-26-000983-index.htm,8-K
FMC,2026-06-05 00:00:00,https://www.sec.gov/Archives/edgar/data/37785/000119312526259541/0001193125-26-259541-index.htm,8-K
None,2026-06-05 00:00:00,https://www.sec.gov/Archives/edgar/data/2101393/000118518526002358/0001185185-26-002358-index.htm,8-K
GLADZ,2026-06-05 00:00:00,https://www.sec.gov/Archives/edgar/data/1143513/000119312526259535/0001193125-26-259535-index.htm,8-K
GLADL,2026-06-05 00:00:00,https://www.sec.gov/Archives/edgar/data/1143513/000119312526259535/0001193125-26-259535-index.htm,8-K
GLAD,2026-06-05 00:00:00,https://www.sec.gov/Archives/edgar/data/1143513/000119312526259535/0001193125-26-259535-index.htm,8-K
BTSG,2026-06-05 00:00:00,https://www.sec.gov/Archives/edgar/data/1865782/000119312526259531/0001193125-26-259531-index.htm,8-K
BTSGU,2026-06-05 00:00:00,https://www.sec.gov/Archives/edgar/data/1865782/000119312526259531/0001193125-26-259531-index.htm,8-K
QMCO,2026-06-05 00:00:00,https://www.sec.gov/Archives/edgar/data/709283/000119312526259525/0001193125-26-259525-index.htm,8-K
OTF,2026-06-05 00:00:00,https://www.sec.gov/Archives/edgar/data/1747777/000162828026041189/0001628280-26-041189-index.htm,8-K
ELAB,2026-06-05 00:00:00,https://www.sec.gov/Archives/edgar/data/1840563/000121390026065791/0001213900-26-065791-index.htm,8-K
None,2026-06-05 00:00:00,https://www.sec.gov/Archives/edgar/data/1859919/000185991926000052/0001859919-26-000052-index.htm,8-K
None,2026-06-05 00:00:00,https://www.sec.gov/Archives/edgar/data/2098430/000162828026041148/0001628280-26-041148-index.htm,8-K
None,2026-06-05 00:00:00,https://www.sec.gov/Archives/edgar/data/2027537/000119312526259175/0001193125-26-259175-index.htm,8-K
None,2026-06-05 00:00:00,https://www.sec.gov/Archives/edgar/data/1999784/000199978426000045/0001999784-26-000045-index.htm,8-K
TLSS,2026-06-05 00:00:00,https://www.sec.gov/Archives/edgar/data/1463208/000149315226027426/0001493152-26-027426-index.htm,8-K
PL,2026-06-05 00:00:00,https://www.sec.gov/Archives/edgar/data/1836833/000114036126024109/0001140361-26-024109-index.htm,8-K
PL-WT,2026-06-05 00:00:00,https://www.sec.gov/Archives/edgar/data/1836833/000114036126024109/0001140361-26-024109-index.htm,8-K
HWKE,2026-06-05 00:00:00,https://www.sec.gov/Archives/edgar/data/1750777/000168316826004577/0001683168-26-004577-index.htm,8-K
FCN,2026-06-05 00:00:00,https://www.sec.gov/Archives/edgar/data/887936/000119312526258397/0001193125-26-258397-index.htm,8-K
MCRB,2026-06-05 00:00:00,https://www.sec.gov/Archives/edgar/data/1609809/000119312526258366/0001193125-26-258366-index.htm,8-K
BNAI,2026-06-05 00:00:00,https://www.sec.gov/Archives/edgar/data/1838163/000149315226027373/0001493152-26-027373-index.htm,8-K
DHCA,2026-06-05 00:00:00,https://www.sec.gov/Archives/edgar/data/1838163/000149315226027373/0001493152-26-027373-index.htm,8-K
DHCAU,2026-06-05 00:00:00,https://www.sec.gov/Archives/edgar/data/1838163/000149315226027373/0001493152-26-027373-index.htm,8-K
BNAIW,2026-06-05 00:00:00,https://www.sec.gov/Archives/edgar/data/1838163/000149315226027373/0001493152-26-027373-index.htm,8-K
DHCAW,2026-06-05 00:00:00,https://www.sec.gov/Archives/edgar/data/1838163/000149315226027373/0001493152-26-027373-index.htm,8-K
NOMA,2026-06-05 00:00:00,https://www.sec.gov/Archives/edgar/data/1994214/000149315226027372/0001493152-26-027372-index.htm,8-K
MGNC,2026-06-05 00:00:00,https://www.sec.gov/Archives/edgar/data/1949864/000168316826004573/0001683168-26-004573-index.htm,8-K
