symbol,cik,filingDate,acceptedDate,formType,hasFinancials,link,finalLink
RLBY,0000034285,2026-09-02 00:00:00,2026-09-02 17:30:10,8-K,False,https://www.sec.gov/Archives/edgar/data/34285/000149315226041269/0001493152-26-041269-index.htm,https://www.sec.gov/Archives/edgar/data/34285/000149315226041269/form8-k.htm
SXT,0000310142,2026-09-02 00:00:00,2026-09-02 17:29:31,8-K,False,https://www.sec.gov/Archives/edgar/data/310142/000114036126035504/0001140361-26-035504-index.htm,https://www.sec.gov/Archives/edgar/data/310142/000114036126035504/ef20081499_8k.htm
BRTX,0001505497,2026-09-02 00:00:00,2026-09-02 17:29:10,8-K,False,https://www.sec.gov/Archives/edgar/data/1505497/000121390026096810/0001213900-26-096810-index.htm,https://www.sec.gov/Archives/edgar/data/1505497/000121390026096810/ea0304389-8k_biore.htm
None,0002012839,2026-09-02 00:00:00,2026-09-02 17:29:05,8-K,False,https://www.sec.gov/Archives/edgar/data/2012839/000162828026060190/0001628280-26-060190-index.htm,https://www.sec.gov/Archives/edgar/data/2012839/000162828026060190/ebdc-20260831.htm
None,0002145659,2026-09-02 00:00:00,2026-09-02 17:25:20,8-K,False,https://www.sec.gov/Archives/edgar/data/2145659/000121390026096806/0001213900-26-096806-index.htm,https://www.sec.gov/Archives/edgar/data/2145659/000121390026096806/ea0303977-8k_jatt3.htm
AHR,0001632970,2026-09-02 00:00:00,2026-09-02 17:22:39,8-K,False,https://www.sec.gov/Archives/edgar/data/1632970/000119312526380473/0001193125-26-380473-index.htm,https://www.sec.gov/Archives/edgar/data/1632970/000119312526380473/ahr-20260902.htm
None,0002089126,2026-09-02 00:00:00,2026-09-02 17:22:37,8-K,False,https://www.sec.gov/Archives/edgar/data/2089126/000119312526380472/0001193125-26-380472-index.htm,https://www.sec.gov/Archives/edgar/data/2089126/000119312526380472/ck0002089126-20260901.htm
CSWCZ,0000017313,2026-09-02 00:00:00,2026-09-02 17:21:44,8-K,False,https://www.sec.gov/Archives/edgar/data/17313/000001731326000136/0000017313-26-000136-index.htm,https://www.sec.gov/Archives/edgar/data/17313/000001731326000136/cswc-20260902.htm
CSWC,0000017313,2026-09-02 00:00:00,2026-09-02 17:21:44,8-K,False,https://www.sec.gov/Archives/edgar/data/17313/000001731326000136/0000017313-26-000136-index.htm,https://www.sec.gov/Archives/edgar/data/17313/000001731326000136/cswc-20260902.htm
None,0000015357,2026-09-02 00:00:00,2026-09-02 17:21:25,8-K,False,https://www.sec.gov/Archives/edgar/data/15357/000110465926104796/0001104659-26-104796-index.htm,https://www.sec.gov/Archives/edgar/data/15357/000110465926104796/csgn-20260831x8k.htm
XHLD,0002030954,2026-09-02 00:00:00,2026-09-02 17:20:48,8-K,False,https://www.sec.gov/Archives/edgar/data/2030954/000149315226041263/0001493152-26-041263-index.htm,https://www.sec.gov/Archives/edgar/data/2030954/000149315226041263/form8-k.htm
FDXF,0002082247,2026-09-02 00:00:00,2026-09-02 17:20:26,8-K,False,https://www.sec.gov/Archives/edgar/data/2082247/000110465926104793/0001104659-26-104793-index.htm,https://www.sec.gov/Archives/edgar/data/2082247/000110465926104793/tm2624680d1_8k.htm
SOUN,0001840856,2026-09-02 00:00:00,2026-09-02 17:19:59,8-K,False,https://www.sec.gov/Archives/edgar/data/1840856/000121390026096796/0001213900-26-096796-index.htm,https://www.sec.gov/Archives/edgar/data/1840856/000121390026096796/ea0304366-8k425_sound.htm
SOUNW,0001840856,2026-09-02 00:00:00,2026-09-02 17:19:59,8-K,False,https://www.sec.gov/Archives/edgar/data/1840856/000121390026096796/0001213900-26-096796-index.htm,https://www.sec.gov/Archives/edgar/data/1840856/000121390026096796/ea0304366-8k425_sound.htm
ATSPU,0001840856,2026-09-02 00:00:00,2026-09-02 17:19:59,8-K,False,https://www.sec.gov/Archives/edgar/data/1840856/000121390026096796/0001213900-26-096796-index.htm,https://www.sec.gov/Archives/edgar/data/1840856/000121390026096796/ea0304366-8k425_sound.htm
ATSPW,0001840856,2026-09-02 00:00:00,2026-09-02 17:19:59,8-K,False,https://www.sec.gov/Archives/edgar/data/1840856/000121390026096796/0001213900-26-096796-index.htm,https://www.sec.gov/Archives/edgar/data/1840856/000121390026096796/ea0304366-8k425_sound.htm
ATSPT,0001840856,2026-09-02 00:00:00,2026-09-02 17:19:59,8-K,False,https://www.sec.gov/Archives/edgar/data/1840856/000121390026096796/0001213900-26-096796-index.htm,https://www.sec.gov/Archives/edgar/data/1840856/000121390026096796/ea0304366-8k425_sound.htm
LPSN,0001102993,2026-09-02 00:00:00,2026-09-02 17:19:59,8-K,False,https://www.sec.gov/Archives/edgar/data/1102993/000119312526380467/0001193125-26-380467-index.htm,https://www.sec.gov/Archives/edgar/data/1102993/000119312526380467/d14310d8k.htm
None,0001901037,2026-09-02 00:00:00,2026-09-02 17:17:21,8-K,False,https://www.sec.gov/Archives/edgar/data/1901037/000110465926104789/0001104659-26-104789-index.htm,https://www.sec.gov/Archives/edgar/data/1901037/000110465926104789/tm2624402d1_8k.htm
DYNR,0001111741,2026-09-02 00:00:00,2026-09-02 17:09:26,8-K,False,https://www.sec.gov/Archives/edgar/data/1111741/000119312526380436/0001193125-26-380436-index.htm,https://www.sec.gov/Archives/edgar/data/1111741/000119312526380436/dynr-20260901.htm
AVXL,0001314052,2026-09-02 00:00:00,2026-09-02 17:06:24,8-K,False,https://www.sec.gov/Archives/edgar/data/1314052/000173112226001179/0001731122-26-001179-index.htm,https://www.sec.gov/Archives/edgar/data/1314052/000173112226001179/e7909_8-k.htm
KTB,0001760965,2026-09-02 00:00:00,2026-09-02 17:06:01,8-K,False,https://www.sec.gov/Archives/edgar/data/1760965/000176096526000061/0001760965-26-000061-index.htm,https://www.sec.gov/Archives/edgar/data/1760965/000176096526000061/ktb-20260902.htm
GPRO,0001500435,2026-09-02 00:00:00,2026-09-02 17:05:24,8-K,False,https://www.sec.gov/Archives/edgar/data/1500435/000162828026060181/0001628280-26-060181-index.htm,https://www.sec.gov/Archives/edgar/data/1500435/000162828026060181/gpro-20260901.htm
ELAB,0001840563,2026-09-02 00:00:00,2026-09-02 17:04:24,8-K,False,https://www.sec.gov/Archives/edgar/data/1840563/000121390026096784/0001213900-26-096784-index.htm,https://www.sec.gov/Archives/edgar/data/1840563/000121390026096784/ea0304419-8k_pmgchold.htm
GBS,0001725430,2026-09-02 00:00:00,2026-09-02 17:00:27,8-K,False,https://www.sec.gov/Archives/edgar/data/1725430/000149315226041253/0001493152-26-041253-index.htm,https://www.sec.gov/Archives/edgar/data/1725430/000149315226041253/form8-k.htm
INBS,0001725430,2026-09-02 00:00:00,2026-09-02 17:00:27,8-K,False,https://www.sec.gov/Archives/edgar/data/1725430/000149315226041253/0001493152-26-041253-index.htm,https://www.sec.gov/Archives/edgar/data/1725430/000149315226041253/form8-k.htm
SUNB,0002083785,2026-09-02 00:00:00,2026-09-02 17:00:20,8-K,False,https://www.sec.gov/Archives/edgar/data/2083785/000119312526380411/0001193125-26-380411-index.htm,https://www.sec.gov/Archives/edgar/data/2083785/000119312526380411/d55578d8k.htm
GFOR,0001845459,2026-09-02 00:00:00,2026-09-02 17:00:15,8-K,False,https://www.sec.gov/Archives/edgar/data/1845459/000121390026096778/0001213900-26-096778-index.htm,https://www.sec.gov/Archives/edgar/data/1845459/000121390026096778/ea0304079-8k_nkgen.htm
GFOR-UN,0001845459,2026-09-02 00:00:00,2026-09-02 17:00:15,8-K,False,https://www.sec.gov/Archives/edgar/data/1845459/000121390026096778/0001213900-26-096778-index.htm,https://www.sec.gov/Archives/edgar/data/1845459/000121390026096778/ea0304079-8k_nkgen.htm
GFOR-WT,0001845459,2026-09-02 00:00:00,2026-09-02 17:00:15,8-K,False,https://www.sec.gov/Archives/edgar/data/1845459/000121390026096778/0001213900-26-096778-index.htm,https://www.sec.gov/Archives/edgar/data/1845459/000121390026096778/ea0304079-8k_nkgen.htm
NKGN,0001845459,2026-09-02 00:00:00,2026-09-02 17:00:15,8-K,False,https://www.sec.gov/Archives/edgar/data/1845459/000121390026096778/0001213900-26-096778-index.htm,https://www.sec.gov/Archives/edgar/data/1845459/000121390026096778/ea0304079-8k_nkgen.htm
NKGNW,0001845459,2026-09-02 00:00:00,2026-09-02 17:00:15,8-K,False,https://www.sec.gov/Archives/edgar/data/1845459/000121390026096778/0001213900-26-096778-index.htm,https://www.sec.gov/Archives/edgar/data/1845459/000121390026096778/ea0304079-8k_nkgen.htm
None,0001972234,2026-09-02 00:00:00,2026-09-02 17:00:15,8-K,False,https://www.sec.gov/Archives/edgar/data/1972234/000121390026096780/0001213900-26-096780-index.htm,https://www.sec.gov/Archives/edgar/data/1972234/000121390026096780/ea0304250-8k_venhub.htm
FLD,0001889123,2026-09-02 00:00:00,2026-09-02 17:00:14,8-K,False,https://www.sec.gov/Archives/edgar/data/1889123/000119312526380408/0001193125-26-380408-index.htm,https://www.sec.gov/Archives/edgar/data/1889123/000119312526380408/fld-20260827.htm
FLDDU,0001889123,2026-09-02 00:00:00,2026-09-02 17:00:14,8-K,False,https://www.sec.gov/Archives/edgar/data/1889123/000119312526380408/0001193125-26-380408-index.htm,https://www.sec.gov/Archives/edgar/data/1889123/000119312526380408/fld-20260827.htm
FLDDW,0001889123,2026-09-02 00:00:00,2026-09-02 17:00:14,8-K,False,https://www.sec.gov/Archives/edgar/data/1889123/000119312526380408/0001193125-26-380408-index.htm,https://www.sec.gov/Archives/edgar/data/1889123/000119312526380408/fld-20260827.htm
EMLDU,0001889123,2026-09-02 00:00:00,2026-09-02 17:00:14,8-K,False,https://www.sec.gov/Archives/edgar/data/1889123/000119312526380408/0001193125-26-380408-index.htm,https://www.sec.gov/Archives/edgar/data/1889123/000119312526380408/fld-20260827.htm
EMLDW,0001889123,2026-09-02 00:00:00,2026-09-02 17:00:14,8-K,False,https://www.sec.gov/Archives/edgar/data/1889123/000119312526380408/0001193125-26-380408-index.htm,https://www.sec.gov/Archives/edgar/data/1889123/000119312526380408/fld-20260827.htm
EMLD,0001889123,2026-09-02 00:00:00,2026-09-02 17:00:14,8-K,False,https://www.sec.gov/Archives/edgar/data/1889123/000119312526380408/0001193125-26-380408-index.htm,https://www.sec.gov/Archives/edgar/data/1889123/000119312526380408/fld-20260827.htm
AGBA,0001769624,2026-09-02 00:00:00,2026-09-02 17:00:14,8-K,False,https://www.sec.gov/Archives/edgar/data/1769624/000121390026096777/0001213900-26-096777-index.htm,https://www.sec.gov/Archives/edgar/data/1769624/000121390026096777/ea0304387-8k_triller.htm
AGBAW,0001769624,2026-09-02 00:00:00,2026-09-02 17:00:14,8-K,False,https://www.sec.gov/Archives/edgar/data/1769624/000121390026096777/0001213900-26-096777-index.htm,https://www.sec.gov/Archives/edgar/data/1769624/000121390026096777/ea0304387-8k_triller.htm
AGBAU,0001769624,2026-09-02 00:00:00,2026-09-02 17:00:14,8-K,False,https://www.sec.gov/Archives/edgar/data/1769624/000121390026096777/0001213900-26-096777-index.htm,https://www.sec.gov/Archives/edgar/data/1769624/000121390026096777/ea0304387-8k_triller.htm
AGBAR,0001769624,2026-09-02 00:00:00,2026-09-02 17:00:14,8-K,False,https://www.sec.gov/Archives/edgar/data/1769624/000121390026096777/0001213900-26-096777-index.htm,https://www.sec.gov/Archives/edgar/data/1769624/000121390026096777/ea0304387-8k_triller.htm
MOVE,0001734750,2026-09-02 00:00:00,2026-09-02 17:00:13,8-K,False,https://www.sec.gov/Archives/edgar/data/1734750/000121390026096776/0001213900-26-096776-index.htm,https://www.sec.gov/Archives/edgar/data/1734750/000121390026096776/ea0304343-8k_corvex.htm
REBN,0001707910,2026-09-02 00:00:00,2026-09-02 16:59:55,8-K,False,https://www.sec.gov/Archives/edgar/data/1707910/000121390026096775/0001213900-26-096775-index.htm,https://www.sec.gov/Archives/edgar/data/1707910/000121390026096775/ea0304356-8k_reborn.htm
NUBIU,0001881551,2026-09-02 00:00:00,2026-09-02 16:55:59,8-K,False,https://www.sec.gov/Archives/edgar/data/1881551/000121390026096770/0001213900-26-096770-index.htm,https://www.sec.gov/Archives/edgar/data/1881551/000121390026096770/ea0304469-8k_solidion.htm
NUBI,0001881551,2026-09-02 00:00:00,2026-09-02 16:55:59,8-K,False,https://www.sec.gov/Archives/edgar/data/1881551/000121390026096770/0001213900-26-096770-index.htm,https://www.sec.gov/Archives/edgar/data/1881551/000121390026096770/ea0304469-8k_solidion.htm
NUBIW,0001881551,2026-09-02 00:00:00,2026-09-02 16:55:59,8-K,False,https://www.sec.gov/Archives/edgar/data/1881551/000121390026096770/0001213900-26-096770-index.htm,https://www.sec.gov/Archives/edgar/data/1881551/000121390026096770/ea0304469-8k_solidion.htm
STI,0001881551,2026-09-02 00:00:00,2026-09-02 16:55:59,8-K,False,https://www.sec.gov/Archives/edgar/data/1881551/000121390026096770/0001213900-26-096770-index.htm,https://www.sec.gov/Archives/edgar/data/1881551/000121390026096770/ea0304469-8k_solidion.htm
NXL,0001527352,2026-09-02 00:00:00,2026-09-02 16:50:24,8-K,False,https://www.sec.gov/Archives/edgar/data/1527352/000182912626009659/0001829126-26-009659-index.htm,https://www.sec.gov/Archives/edgar/data/1527352/000182912626009659/nexalintec_8k.htm
NXLIW,0001527352,2026-09-02 00:00:00,2026-09-02 16:50:24,8-K,False,https://www.sec.gov/Archives/edgar/data/1527352/000182912626009659/0001829126-26-009659-index.htm,https://www.sec.gov/Archives/edgar/data/1527352/000182912626009659/nexalintec_8k.htm
ETR,0000065984,2026-09-02 00:00:00,2026-09-02 16:49:03,8-K,False,https://www.sec.gov/Archives/edgar/data/65984/000006598426000312/0000065984-26-000312-index.htm,https://www.sec.gov/Archives/edgar/data/65984/000006598426000312/etr-20260902.htm
ZM,0001585521,2026-09-02 00:00:00,2026-09-02 16:48:43,8-K,False,https://www.sec.gov/Archives/edgar/data/1585521/000158552126000126/0001585521-26-000126-index.htm,https://www.sec.gov/Archives/edgar/data/1585521/000158552126000126/zm-20260831.htm
KR,0000056873,2026-09-02 00:00:00,2026-09-02 16:48:38,8-K,False,https://www.sec.gov/Archives/edgar/data/56873/000110465926104763/0001104659-26-104763-index.htm,https://www.sec.gov/Archives/edgar/data/56873/000110465926104763/tm2624577d1_8k.htm
SRXH,0001471727,2026-09-02 00:00:00,2026-09-02 16:47:43,8-K,False,https://www.sec.gov/Archives/edgar/data/1471727/000149315226041250/0001493152-26-041250-index.htm,https://www.sec.gov/Archives/edgar/data/1471727/000149315226041250/form8-k.htm
BTTR,0001471727,2026-09-02 00:00:00,2026-09-02 16:47:43,8-K,False,https://www.sec.gov/Archives/edgar/data/1471727/000149315226041250/0001493152-26-041250-index.htm,https://www.sec.gov/Archives/edgar/data/1471727/000149315226041250/form8-k.htm
MTRX,0000866273,2026-09-02 00:00:00,2026-09-02 16:46:03,8-K,True,https://www.sec.gov/Archives/edgar/data/866273/000086627326000053/0000866273-26-000053-index.htm,https://www.sec.gov/Archives/edgar/data/866273/000086627326000053/a063026ex99earningsrelease.htm
VNRX,0000093314,2026-09-02 00:00:00,2026-09-02 16:45:37,8-K,False,https://www.sec.gov/Archives/edgar/data/93314/000147793226005359/0001477932-26-005359-index.htm,https://www.sec.gov/Archives/edgar/data/93314/000147793226005359/vnrx_8k.htm
JILL,0001687932,2026-09-02 00:00:00,2026-09-02 16:45:34,8-K,False,https://www.sec.gov/Archives/edgar/data/1687932/000119312526380360/0001193125-26-380360-index.htm,https://www.sec.gov/Archives/edgar/data/1687932/000119312526380360/jill-20260902.htm
HLX,0000866829,2026-09-02 00:00:00,2026-09-02 16:43:03,8-K,False,https://www.sec.gov/Archives/edgar/data/866829/000119312526380348/0001193125-26-380348-index.htm,https://www.sec.gov/Archives/edgar/data/866829/000119312526380348/d466077d8k.htm
None,0001959604,2026-09-02 00:00:00,2026-09-02 16:40:31,8-K,False,https://www.sec.gov/Archives/edgar/data/1959604/000119312526380336/0001193125-26-380336-index.htm,https://www.sec.gov/Archives/edgar/data/1959604/000119312526380336/ck0001959604-20260831.htm
CALM,0000016160,2026-09-02 00:00:00,2026-09-02 16:40:00,8-K,False,https://www.sec.gov/Archives/edgar/data/16160/000156276226000102/0001562762-26-000102-index.htm,https://www.sec.gov/Archives/edgar/data/16160/000156276226000102/calm-20260831_8K.htm
None,0001959568,2026-09-02 00:00:00,2026-09-02 16:38:08,8-K,False,https://www.sec.gov/Archives/edgar/data/1959568/000119312526380323/0001193125-26-380323-index.htm,https://www.sec.gov/Archives/edgar/data/1959568/000119312526380323/ck0001959568-20260831.htm
PNNTG,0001383414,2026-09-02 00:00:00,2026-09-02 16:35:48,8-K,False,https://www.sec.gov/Archives/edgar/data/1383414/000117184326005855/0001171843-26-005855-index.htm,https://www.sec.gov/Archives/edgar/data/1383414/000117184326005855/f8k_090226.htm
PNNT,0001383414,2026-09-02 00:00:00,2026-09-02 16:35:48,8-K,False,https://www.sec.gov/Archives/edgar/data/1383414/000117184326005855/0001171843-26-005855-index.htm,https://www.sec.gov/Archives/edgar/data/1383414/000117184326005855/f8k_090226.htm
PNM,0001108426,2026-09-02 00:00:00,2026-09-02 16:35:01,8-K,False,https://www.sec.gov/Archives/edgar/data/1108426/000110842626000058/0001108426-26-000058-index.htm,https://www.sec.gov/Archives/edgar/data/1108426/000110842626000058/pnm-20260902.htm
TXNM,0001108426,2026-09-02 00:00:00,2026-09-02 16:35:01,8-K,False,https://www.sec.gov/Archives/edgar/data/1108426/000110842626000058/0001108426-26-000058-index.htm,https://www.sec.gov/Archives/edgar/data/1108426/000110842626000058/pnm-20260902.htm
None,0001959604,2026-09-02 00:00:00,2026-09-02 16:33:52,8-K,False,https://www.sec.gov/Archives/edgar/data/1959604/000119312526380302/0001193125-26-380302-index.htm,https://www.sec.gov/Archives/edgar/data/1959604/000119312526380302/ck0001959604-20260828.htm
VG,0002007855,2026-09-02 00:00:00,2026-09-02 16:33:24,8-K,False,https://www.sec.gov/Archives/edgar/data/2007855/000200785526000066/0002007855-26-000066-index.htm,https://www.sec.gov/Archives/edgar/data/2007855/000200785526000066/vg-20260902.htm
None,0002146310,2026-09-02 00:00:00,2026-09-02 16:33:15,8-K,False,https://www.sec.gov/Archives/edgar/data/2146310/000121390026096744/0001213900-26-096744-index.htm,https://www.sec.gov/Archives/edgar/data/2146310/000121390026096744/ea0304342-8k_inflection8.htm
AIDX,0001139685,2026-09-02 00:00:00,2026-09-02 16:32:39,8-K,False,https://www.sec.gov/Archives/edgar/data/1139685/000121390026096743/0001213900-26-096743-index.htm,https://www.sec.gov/Archives/edgar/data/1139685/000121390026096743/ea0304455-8k_2020bio.htm
HOPE,0001128361,2026-09-02 00:00:00,2026-09-02 16:32:12,8-K,False,https://www.sec.gov/Archives/edgar/data/1128361/000112836126000047/0001128361-26-000047-index.htm,https://www.sec.gov/Archives/edgar/data/1128361/000112836126000047/hope-20260902.htm
HSY,0000047111,2026-09-02 00:00:00,2026-09-02 16:31:40,8-K,False,https://www.sec.gov/Archives/edgar/data/47111/000162828026060131/0001628280-26-060131-index.htm,https://www.sec.gov/Archives/edgar/data/47111/000162828026060131/hsy-20260902.htm
MUSA,0001573516,2026-09-02 00:00:00,2026-09-02 16:31:11,8-K,False,https://www.sec.gov/Archives/edgar/data/1573516/000157351626000176/0001573516-26-000176-index.htm,https://www.sec.gov/Archives/edgar/data/1573516/000157351626000176/musa-20260831.htm
SCAT,0002133239,2026-09-02 00:00:00,2026-09-02 16:30:33,8-K,True,https://www.sec.gov/Archives/edgar/data/2133239/000192998026000525/0001929980-26-000525-index.htm,https://www.sec.gov/Archives/edgar/data/2133239/000192998026000525/scacii_ex991.htm
AURCU,0001835856,2026-09-02 00:00:00,2026-09-02 16:30:33,8-K,False,https://www.sec.gov/Archives/edgar/data/1835856/000162828026060126/0001628280-26-060126-index.htm,https://www.sec.gov/Archives/edgar/data/1835856/000162828026060126/betr-20260827.htm
AURCW,0001835856,2026-09-02 00:00:00,2026-09-02 16:30:33,8-K,False,https://www.sec.gov/Archives/edgar/data/1835856/000162828026060126/0001628280-26-060126-index.htm,https://www.sec.gov/Archives/edgar/data/1835856/000162828026060126/betr-20260827.htm
AURC,0001835856,2026-09-02 00:00:00,2026-09-02 16:30:33,8-K,False,https://www.sec.gov/Archives/edgar/data/1835856/000162828026060126/0001628280-26-060126-index.htm,https://www.sec.gov/Archives/edgar/data/1835856/000162828026060126/betr-20260827.htm
MSFT,0000789019,2026-09-02 00:00:00,2026-09-02 16:30:24,8-K,False,https://www.sec.gov/Archives/edgar/data/789019/000119312526380280/0001193125-26-380280-index.htm,https://www.sec.gov/Archives/edgar/data/789019/000119312526380280/d291965d8k.htm
FORL,0001936255,2026-09-02 00:00:00,2026-09-02 16:30:19,8-K,False,https://www.sec.gov/Archives/edgar/data/1936255/000149315226041247/0001493152-26-041247-index.htm,https://www.sec.gov/Archives/edgar/data/1936255/000149315226041247/form8-k.htm
FORLW,0001936255,2026-09-02 00:00:00,2026-09-02 16:30:19,8-K,False,https://www.sec.gov/Archives/edgar/data/1936255/000149315226041247/0001493152-26-041247-index.htm,https://www.sec.gov/Archives/edgar/data/1936255/000149315226041247/form8-k.htm
FORLU,0001936255,2026-09-02 00:00:00,2026-09-02 16:30:19,8-K,False,https://www.sec.gov/Archives/edgar/data/1936255/000149315226041247/0001493152-26-041247-index.htm,https://www.sec.gov/Archives/edgar/data/1936255/000149315226041247/form8-k.htm
ATDS,0001068689,2026-09-02 00:00:00,2026-09-02 16:30:18,8-K,False,https://www.sec.gov/Archives/edgar/data/1068689/000149315226041246/0001493152-26-041246-index.htm,https://www.sec.gov/Archives/edgar/data/1068689/000149315226041246/form8-k.htm
LPTX,0001509745,2026-09-02 00:00:00,2026-09-02 16:30:18,8-K,False,https://www.sec.gov/Archives/edgar/data/1509745/000110465926104753/0001104659-26-104753-index.htm,https://www.sec.gov/Archives/edgar/data/1509745/000110465926104753/tm2624700d1_8k.htm
CYPH,0001509745,2026-09-02 00:00:00,2026-09-02 16:30:18,8-K,False,https://www.sec.gov/Archives/edgar/data/1509745/000110465926104753/0001104659-26-104753-index.htm,https://www.sec.gov/Archives/edgar/data/1509745/000110465926104753/tm2624700d1_8k.htm
SNTI,0001854270,2026-09-02 00:00:00,2026-09-02 16:29:56,8-K,False,https://www.sec.gov/Archives/edgar/data/1854270/000162828026060124/0001628280-26-060124-index.htm,https://www.sec.gov/Archives/edgar/data/1854270/000162828026060124/snti-20260827.htm
DYNS,0001854270,2026-09-02 00:00:00,2026-09-02 16:29:56,8-K,False,https://www.sec.gov/Archives/edgar/data/1854270/000162828026060124/0001628280-26-060124-index.htm,https://www.sec.gov/Archives/edgar/data/1854270/000162828026060124/snti-20260827.htm
LOW,0000060667,2026-09-02 00:00:00,2026-09-02 16:26:58,8-K,False,https://www.sec.gov/Archives/edgar/data/60667/000006066726000119/0000060667-26-000119-index.htm,https://www.sec.gov/Archives/edgar/data/60667/000006066726000119/low-20260828.htm
AVGOP,0001730168,2026-09-02 00:00:00,2026-09-02 16:26:04,8-K,True,https://www.sec.gov/Archives/edgar/data/1730168/000173016826000076/0001730168-26-000076-index.htm,https://www.sec.gov/Archives/edgar/data/1730168/000173016826000076/avgo-08022026x8kxex99.htm
AVGO,0001730168,2026-09-02 00:00:00,2026-09-02 16:26:04,8-K,True,https://www.sec.gov/Archives/edgar/data/1730168/000173016826000076/0001730168-26-000076-index.htm,https://www.sec.gov/Archives/edgar/data/1730168/000173016826000076/avgo-08022026x8kxex99.htm
NR,0000071829,2026-09-02 00:00:00,2026-09-02 16:25:57,8-K,False,https://www.sec.gov/Archives/edgar/data/71829/000007182926000047/0000071829-26-000047-index.htm,https://www.sec.gov/Archives/edgar/data/71829/000007182926000047/nr-20260828.htm
NPKI,0000071829,2026-09-02 00:00:00,2026-09-02 16:25:57,8-K,False,https://www.sec.gov/Archives/edgar/data/71829/000007182926000047/0000071829-26-000047-index.htm,https://www.sec.gov/Archives/edgar/data/71829/000007182926000047/nr-20260828.htm
PVH,0000078239,2026-09-02 00:00:00,2026-09-02 16:23:55,8-K,True,https://www.sec.gov/Archives/edgar/data/78239/000007823926000055/0000078239-26-000055-index.htm,https://www.sec.gov/Archives/edgar/data/78239/000007823926000055/ex99120262q8k.htm
None,0002020354,2026-09-02 00:00:00,2026-09-02 16:21:42,8-K,False,https://www.sec.gov/Archives/edgar/data/2020354/000119312526380231/0001193125-26-380231-index.htm,https://www.sec.gov/Archives/edgar/data/2020354/000119312526380231/d103340d8k.htm
MEI,0000065270,2026-09-02 00:00:00,2026-09-02 16:21:25,8-K,True,https://www.sec.gov/Archives/edgar/data/65270/000006527026000044/0000065270-26-000044-index.htm,https://www.sec.gov/Archives/edgar/data/65270/000006527026000044/mei-ex99_1.htm
IRIX,0001006045,2026-09-02 00:00:00,2026-09-02 16:20:54,8-K,False,https://www.sec.gov/Archives/edgar/data/1006045/000119312526380229/0001193125-26-380229-index.htm,https://www.sec.gov/Archives/edgar/data/1006045/000119312526380229/irix-20260827.htm
VWAV,0002038439,2026-09-02 00:00:00,2026-09-02 16:20:44,8-K,False,https://www.sec.gov/Archives/edgar/data/2038439/000173112226001177/0001731122-26-001177-index.htm,https://www.sec.gov/Archives/edgar/data/2038439/000173112226001177/e7907_8k.htm
VWAVW,0002038439,2026-09-02 00:00:00,2026-09-02 16:20:44,8-K,False,https://www.sec.gov/Archives/edgar/data/2038439/000173112226001177/0001731122-26-001177-index.htm,https://www.sec.gov/Archives/edgar/data/2038439/000173112226001177/e7907_8k.htm
DXLG,0000813298,2026-09-02 00:00:00,2026-09-02 16:19:47,8-K,False,https://www.sec.gov/Archives/edgar/data/813298/000119312526380226/0001193125-26-380226-index.htm,https://www.sec.gov/Archives/edgar/data/813298/000119312526380226/dxlg-20260902.htm
HCHC,0001006837,2026-09-02 00:00:00,2026-09-02 16:18:56,8-K,False,https://www.sec.gov/Archives/edgar/data/1006837/000100683726000110/0001006837-26-000110-index.htm,https://www.sec.gov/Archives/edgar/data/1006837/000100683726000110/hchc-20260828.htm
VATE,0001006837,2026-09-02 00:00:00,2026-09-02 16:18:56,8-K,False,https://www.sec.gov/Archives/edgar/data/1006837/000100683726000110/0001006837-26-000110-index.htm,https://www.sec.gov/Archives/edgar/data/1006837/000100683726000110/hchc-20260828.htm
EGHA,0002052547,2026-09-02 00:00:00,2026-09-02 16:18:23,8-K,False,https://www.sec.gov/Archives/edgar/data/2052547/000110465926104740/0001104659-26-104740-index.htm,https://www.sec.gov/Archives/edgar/data/2052547/000110465926104740/tm2624704d1_8k.htm
EGH,0002052547,2026-09-02 00:00:00,2026-09-02 16:18:23,8-K,False,https://www.sec.gov/Archives/edgar/data/2052547/000110465926104740/0001104659-26-104740-index.htm,https://www.sec.gov/Archives/edgar/data/2052547/000110465926104740/tm2624704d1_8k.htm
EGHAU,0002052547,2026-09-02 00:00:00,2026-09-02 16:18:23,8-K,False,https://www.sec.gov/Archives/edgar/data/2052547/000110465926104740/0001104659-26-104740-index.htm,https://www.sec.gov/Archives/edgar/data/2052547/000110465926104740/tm2624704d1_8k.htm
ATTO,0002058707,2026-09-02 00:00:00,2026-09-02 16:17:18,8-K,False,https://www.sec.gov/Archives/edgar/data/2058707/000119312526380215/0001193125-26-380215-index.htm,https://www.sec.gov/Archives/edgar/data/2058707/000119312526380215/atto-20260902.htm
FIVE,0001177609,2026-09-02 00:00:00,2026-09-02 16:17:01,8-K,True,https://www.sec.gov/Archives/edgar/data/1177609/000117760926000023/0001177609-26-000023-index.htm,https://www.sec.gov/Archives/edgar/data/1177609/000117760926000023/q22026fivebelowexhibit991.htm
EVI,0000065312,2026-09-02 00:00:00,2026-09-02 16:16:17,8-K,False,https://www.sec.gov/Archives/edgar/data/65312/000143774926029515/0001437749-26-029515-index.htm,https://www.sec.gov/Archives/edgar/data/65312/000143774926029515/evi20260902_8k.htm
AIG,0000005272,2026-09-02 00:00:00,2026-09-02 16:15:45,8-K,False,https://www.sec.gov/Archives/edgar/data/5272/000000527226000088/0000005272-26-000088-index.htm,https://www.sec.gov/Archives/edgar/data/5272/000000527226000088/aig-20260901.htm
AIG-PA,0000005272,2026-09-02 00:00:00,2026-09-02 16:15:45,8-K,False,https://www.sec.gov/Archives/edgar/data/5272/000000527226000088/0000005272-26-000088-index.htm,https://www.sec.gov/Archives/edgar/data/5272/000000527226000088/aig-20260901.htm
COGT,0001622229,2026-09-02 00:00:00,2026-09-02 16:11:16,8-K,False,https://www.sec.gov/Archives/edgar/data/1622229/000119312526380194/0001193125-26-380194-index.htm,https://www.sec.gov/Archives/edgar/data/1622229/000119312526380194/d184156d8k.htm
AI,0001577526,2026-09-02 00:00:00,2026-09-02 16:10:42,8-K,True,https://www.sec.gov/Archives/edgar/data/1577526/000157752626000119/0001577526-26-000119-index.htm,https://www.sec.gov/Archives/edgar/data/1577526/000157752626000119/ex991-fy27xq1earnings.htm
COIN,0001679788,2026-09-02 00:00:00,2026-09-02 16:10:28,8-K,False,https://www.sec.gov/Archives/edgar/data/1679788/000167978826000101/0001679788-26-000101-index.htm,https://www.sec.gov/Archives/edgar/data/1679788/000167978826000101/coin-20260901.htm
AGX,0000100591,2026-09-02 00:00:00,2026-09-02 16:10:25,8-K,True,https://www.sec.gov/Archives/edgar/data/100591/000110465926104735/0001104659-26-104735-index.htm,https://www.sec.gov/Archives/edgar/data/100591/000110465926104735/agx-20260902xex99d1.htm
NOTE,0001823466,2026-09-02 00:00:00,2026-09-02 16:10:21,8-K,True,https://www.sec.gov/Archives/edgar/data/1823466/000119312526380190/0001193125-26-380190-index.htm,https://www.sec.gov/Archives/edgar/data/1823466/000119312526380190/d111500dex992.htm
NOTE-WT,0001823466,2026-09-02 00:00:00,2026-09-02 16:10:21,8-K,True,https://www.sec.gov/Archives/edgar/data/1823466/000119312526380190/0001193125-26-380190-index.htm,https://www.sec.gov/Archives/edgar/data/1823466/000119312526380190/d111500dex992.htm
WOOF,0001826470,2026-09-02 00:00:00,2026-09-02 16:10:16,8-K,True,https://www.sec.gov/Archives/edgar/data/1826470/000119312526380189/0001193125-26-380189-index.htm,https://www.sec.gov/Archives/edgar/data/1826470/000119312526380189/woof-ex99_1.htm
NTSK,0002063196,2026-09-02 00:00:00,2026-09-02 16:10:15,8-K,True,https://www.sec.gov/Archives/edgar/data/2063196/000119312526380188/0001193125-26-380188-index.htm,https://www.sec.gov/Archives/edgar/data/2063196/000119312526380188/ntsk-ex99_1.htm
MTN,0000812011,2026-09-02 00:00:00,2026-09-02 16:09:26,8-K,False,https://www.sec.gov/Archives/edgar/data/812011/000081201126000035/0000812011-26-000035-index.htm,https://www.sec.gov/Archives/edgar/data/812011/000081201126000035/mtn-20260902.htm
BHM,0001903382,2026-09-02 00:00:00,2026-09-02 16:08:35,8-K,False,https://www.sec.gov/Archives/edgar/data/1903382/000110465926104731/0001104659-26-104731-index.htm,https://www.sec.gov/Archives/edgar/data/1903382/000110465926104731/tm2624687d1_8k.htm
BHM-WI,0001903382,2026-09-02 00:00:00,2026-09-02 16:08:35,8-K,False,https://www.sec.gov/Archives/edgar/data/1903382/000110465926104731/0001104659-26-104731-index.htm,https://www.sec.gov/Archives/edgar/data/1903382/000110465926104731/tm2624687d1_8k.htm
SNOW,0001640147,2026-09-02 00:00:00,2026-09-02 16:08:29,8-K,True,https://www.sec.gov/Archives/edgar/data/1640147/000164014726000033/0001640147-26-000033-index.htm,https://www.sec.gov/Archives/edgar/data/1640147/000164014726000033/fy2027q2earnings.htm
None,0001853921,2026-09-02 00:00:00,2026-09-02 16:08:19,8-K,False,https://www.sec.gov/Archives/edgar/data/1853921/000119312526380184/0001193125-26-380184-index.htm,https://www.sec.gov/Archives/edgar/data/1853921/000119312526380184/sctx-20260902.htm
CHPT,0001777393,2026-09-02 00:00:00,2026-09-02 16:07:41,8-K,True,https://www.sec.gov/Archives/edgar/data/1777393/000177739326000061/0001777393-26-000061-index.htm,https://www.sec.gov/Archives/edgar/data/1777393/000177739326000061/chpt8-kerfy2027q2exx991.htm
TLYS,0001524025,2026-09-02 00:00:00,2026-09-02 16:07:03,8-K,True,https://www.sec.gov/Archives/edgar/data/1524025/000162828026060088/0001628280-26-060088-index.htm,https://www.sec.gov/Archives/edgar/data/1524025/000162828026060088/q2fy2026earningsrelease.htm
HPE,0001645590,2026-09-02 00:00:00,2026-09-02 16:06:52,8-K,True,https://www.sec.gov/Archives/edgar/data/1645590/000164559026000078/0001645590-26-000078-index.htm,https://www.sec.gov/Archives/edgar/data/1645590/000164559026000078/ex-991x922026x8k.htm
LHAI,0002017758,2026-09-02 00:00:00,2026-09-02 16:06:21,8-K,False,https://www.sec.gov/Archives/edgar/data/2017758/000121390026096701/0001213900-26-096701-index.htm,https://www.sec.gov/Archives/edgar/data/2017758/000121390026096701/ea0304410-8k_linkhome.htm
VACI-UN,0002080023,2026-09-02 00:00:00,2026-09-02 16:06:11,8-K,False,https://www.sec.gov/Archives/edgar/data/2080023/000121390026096700/0001213900-26-096700-index.htm,https://www.sec.gov/Archives/edgar/data/2080023/000121390026096700/ea0304381-8k425_viking1.htm
VACI,0002080023,2026-09-02 00:00:00,2026-09-02 16:06:11,8-K,False,https://www.sec.gov/Archives/edgar/data/2080023/000121390026096700/0001213900-26-096700-index.htm,https://www.sec.gov/Archives/edgar/data/2080023/000121390026096700/ea0304381-8k425_viking1.htm
VACI-WT,0002080023,2026-09-02 00:00:00,2026-09-02 16:06:11,8-K,False,https://www.sec.gov/Archives/edgar/data/2080023/000121390026096700/0001213900-26-096700-index.htm,https://www.sec.gov/Archives/edgar/data/2080023/000121390026096700/ea0304381-8k425_viking1.htm
WHLR,0001527541,2026-09-02 00:00:00,2026-09-02 16:05:54,8-K,False,https://www.sec.gov/Archives/edgar/data/1527541/000152754126000323/0001527541-26-000323-index.htm,https://www.sec.gov/Archives/edgar/data/1527541/000152754126000323/whlr-20260828.htm
WHLRD,0001527541,2026-09-02 00:00:00,2026-09-02 16:05:54,8-K,False,https://www.sec.gov/Archives/edgar/data/1527541/000152754126000323/0001527541-26-000323-index.htm,https://www.sec.gov/Archives/edgar/data/1527541/000152754126000323/whlr-20260828.htm
WHLRL,0001527541,2026-09-02 00:00:00,2026-09-02 16:05:54,8-K,False,https://www.sec.gov/Archives/edgar/data/1527541/000152754126000323/0001527541-26-000323-index.htm,https://www.sec.gov/Archives/edgar/data/1527541/000152754126000323/whlr-20260828.htm
WHLRP,0001527541,2026-09-02 00:00:00,2026-09-02 16:05:54,8-K,False,https://www.sec.gov/Archives/edgar/data/1527541/000152754126000323/0001527541-26-000323-index.htm,https://www.sec.gov/Archives/edgar/data/1527541/000152754126000323/whlr-20260828.htm
WHLRW,0001527541,2026-09-02 00:00:00,2026-09-02 16:05:54,8-K,False,https://www.sec.gov/Archives/edgar/data/1527541/000152754126000323/0001527541-26-000323-index.htm,https://www.sec.gov/Archives/edgar/data/1527541/000152754126000323/whlr-20260828.htm
PHR,0001412408,2026-09-02 00:00:00,2026-09-02 16:05:43,8-K,True,https://www.sec.gov/Archives/edgar/data/1412408/000141240826000213/0001412408-26-000213-index.htm,https://www.sec.gov/Archives/edgar/data/1412408/000141240826000213/phr-ex991q2fy27.htm
ARCLU,0002073515,2026-09-02 00:00:00,2026-09-02 16:05:35,8-K,False,https://www.sec.gov/Archives/edgar/data/2073515/000149315226041233/0001493152-26-041233-index.htm,https://www.sec.gov/Archives/edgar/data/2073515/000149315226041233/form8-k.htm
ARCL,0002073515,2026-09-02 00:00:00,2026-09-02 16:05:35,8-K,False,https://www.sec.gov/Archives/edgar/data/2073515/000149315226041233/0001493152-26-041233-index.htm,https://www.sec.gov/Archives/edgar/data/2073515/000149315226041233/form8-k.htm
ARCLW,0002073515,2026-09-02 00:00:00,2026-09-02 16:05:35,8-K,False,https://www.sec.gov/Archives/edgar/data/2073515/000149315226041233/0001493152-26-041233-index.htm,https://www.sec.gov/Archives/edgar/data/2073515/000149315226041233/form8-k.htm
ARCLR,0002073515,2026-09-02 00:00:00,2026-09-02 16:05:35,8-K,False,https://www.sec.gov/Archives/edgar/data/2073515/000149315226041233/0001493152-26-041233-index.htm,https://www.sec.gov/Archives/edgar/data/2073515/000149315226041233/form8-k.htm
BOF,0001962481,2026-09-02 00:00:00,2026-09-02 16:05:33,8-K,False,https://www.sec.gov/Archives/edgar/data/1962481/000149315226041232/0001493152-26-041232-index.htm,https://www.sec.gov/Archives/edgar/data/1962481/000149315226041232/form8-k.htm
BACCU,0002059654,2026-09-02 00:00:00,2026-09-02 16:05:29,8-K,False,https://www.sec.gov/Archives/edgar/data/2059654/000118518526003819/0001185185-26-003819-index.htm,https://www.sec.gov/Archives/edgar/data/2059654/000118518526003819/bacc8k425090126.htm
BACC,0002059654,2026-09-02 00:00:00,2026-09-02 16:05:29,8-K,False,https://www.sec.gov/Archives/edgar/data/2059654/000118518526003819/0001185185-26-003819-index.htm,https://www.sec.gov/Archives/edgar/data/2059654/000118518526003819/bacc8k425090126.htm
None,0002059924,2026-09-02 00:00:00,2026-09-02 16:05:28,8-K,False,https://www.sec.gov/Archives/edgar/data/2059924/000121390026096697/0001213900-26-096697-index.htm,https://www.sec.gov/Archives/edgar/data/2059924/000121390026096697/ea0304415-8k_isq.htm
ACBM,0001622996,2026-09-02 00:00:00,2026-09-02 16:05:24,8-K,False,https://www.sec.gov/Archives/edgar/data/1622996/000164033426001447/0001640334-26-001447-index.htm,https://www.sec.gov/Archives/edgar/data/1622996/000164033426001447/acbm_8k.htm
PFLT,0001504619,2026-09-02 00:00:00,2026-09-02 16:05:19,8-K,False,https://www.sec.gov/Archives/edgar/data/1504619/000117184326005851/0001171843-26-005851-index.htm,https://www.sec.gov/Archives/edgar/data/1504619/000117184326005851/f8k_090226.htm
PFLA,0001504619,2026-09-02 00:00:00,2026-09-02 16:05:19,8-K,False,https://www.sec.gov/Archives/edgar/data/1504619/000117184326005851/0001171843-26-005851-index.htm,https://www.sec.gov/Archives/edgar/data/1504619/000117184326005851/f8k_090226.htm
NTAP,0001002047,2026-09-02 00:00:00,2026-09-02 16:05:16,8-K,True,https://www.sec.gov/Archives/edgar/data/1002047/000100204726000003/0001002047-26-000003-index.htm,https://www.sec.gov/Archives/edgar/data/1002047/000100204726000003/ntap-ex99_1.htm
PBLS,0001657677,2026-09-02 00:00:00,2026-09-02 16:05:15,8-K,False,https://www.sec.gov/Archives/edgar/data/1657677/000119312526380171/0001193125-26-380171-index.htm,https://www.sec.gov/Archives/edgar/data/1657677/000119312526380171/ck0001657677-20260828.htm
DOCS,0001516513,2026-09-02 00:00:00,2026-09-02 16:04:56,8-K,False,https://www.sec.gov/Archives/edgar/data/1516513/000151651326000045/0001516513-26-000045-index.htm,https://www.sec.gov/Archives/edgar/data/1516513/000151651326000045/docs-20260827.htm
RARE,0001515673,2026-09-02 00:00:00,2026-09-02 16:04:05,8-K,False,https://www.sec.gov/Archives/edgar/data/1515673/000119312526380165/0001193125-26-380165-index.htm,https://www.sec.gov/Archives/edgar/data/1515673/000119312526380165/rare-20260902.htm
NXPI,0001413447,2026-09-02 00:00:00,2026-09-02 16:02:36,8-K,False,https://www.sec.gov/Archives/edgar/data/1413447/000141344726000051/0001413447-26-000051-index.htm,https://www.sec.gov/Archives/edgar/data/1413447/000141344726000051/nxpi-20260901.htm
FTEK,0000846913,2026-09-02 00:00:00,2026-09-02 16:02:36,8-K,False,https://www.sec.gov/Archives/edgar/data/846913/000143774926029510/0001437749-26-029510-index.htm,https://www.sec.gov/Archives/edgar/data/846913/000143774926029510/ftek20260828_8k.htm
PNR,0000077360,2026-09-02 00:00:00,2026-09-02 16:01:20,8-K,False,https://www.sec.gov/Archives/edgar/data/77360/000110465926104725/0001104659-26-104725-index.htm,https://www.sec.gov/Archives/edgar/data/77360/000110465926104725/tm2624576d1_8k.htm
PACE-UN,0001819404,2026-09-02 00:00:00,2026-09-02 16:01:19,8-K,False,https://www.sec.gov/Archives/edgar/data/1819404/000181940426000094/0001819404-26-000094-index.htm,https://www.sec.gov/Archives/edgar/data/1819404/000181940426000094/nrdy-20260901.htm
PACE,0001819404,2026-09-02 00:00:00,2026-09-02 16:01:19,8-K,False,https://www.sec.gov/Archives/edgar/data/1819404/000181940426000094/0001819404-26-000094-index.htm,https://www.sec.gov/Archives/edgar/data/1819404/000181940426000094/nrdy-20260901.htm
NRDY,0001819404,2026-09-02 00:00:00,2026-09-02 16:01:19,8-K,False,https://www.sec.gov/Archives/edgar/data/1819404/000181940426000094/0001819404-26-000094-index.htm,https://www.sec.gov/Archives/edgar/data/1819404/000181940426000094/nrdy-20260901.htm
NRDY-WT,0001819404,2026-09-02 00:00:00,2026-09-02 16:01:19,8-K,False,https://www.sec.gov/Archives/edgar/data/1819404/000181940426000094/0001819404-26-000094-index.htm,https://www.sec.gov/Archives/edgar/data/1819404/000181940426000094/nrdy-20260901.htm
None,0001999784,2026-09-02 00:00:00,2026-09-02 16:00:14,8-K,False,https://www.sec.gov/Archives/edgar/data/1999784/000199978426000066/0001999784-26-000066-index.htm,https://www.sec.gov/Archives/edgar/data/1999784/000199978426000066/ck0001999784-20260831.htm
None,0002065397,2026-09-02 00:00:00,2026-09-02 15:33:27,8-K,False,https://www.sec.gov/Archives/edgar/data/2065397/000110465926104713/0001104659-26-104713-index.htm,https://www.sec.gov/Archives/edgar/data/2065397/000110465926104713/tm2624605d1_8k.htm
IEHC,0000050292,2026-09-02 00:00:00,2026-09-02 15:28:09,8-K,False,https://www.sec.gov/Archives/edgar/data/50292/000117494726000837/0001174947-26-000837-index.htm,https://www.sec.gov/Archives/edgar/data/50292/000117494726000837/form8k-36298_iehc.htm
None,0001986395,2026-09-02 00:00:00,2026-09-02 15:10:46,8-K,False,https://www.sec.gov/Archives/edgar/data/1986395/000119312526380042/0001193125-26-380042-index.htm,https://www.sec.gov/Archives/edgar/data/1986395/000119312526380042/ck0001986395-20260901.htm
DBGIW,0001668010,2026-09-02 00:00:00,2026-09-02 15:10:46,8-K,False,https://www.sec.gov/Archives/edgar/data/1668010/000149315226041215/0001493152-26-041215-index.htm,https://www.sec.gov/Archives/edgar/data/1668010/000149315226041215/form8-k.htm
DBGI,0001668010,2026-09-02 00:00:00,2026-09-02 15:10:46,8-K,False,https://www.sec.gov/Archives/edgar/data/1668010/000149315226041215/0001493152-26-041215-index.htm,https://www.sec.gov/Archives/edgar/data/1668010/000149315226041215/form8-k.htm
SHPH,0001757499,2026-09-02 00:00:00,2026-09-02 15:00:16,8-K,False,https://www.sec.gov/Archives/edgar/data/1757499/000149315226041213/0001493152-26-041213-index.htm,https://www.sec.gov/Archives/edgar/data/1757499/000149315226041213/form8-k.htm
NPHC,0001119643,2026-09-02 00:00:00,2026-09-02 14:38:09,8-K,False,https://www.sec.gov/Archives/edgar/data/1119643/000149315226041208/0001493152-26-041208-index.htm,https://www.sec.gov/Archives/edgar/data/1119643/000149315226041208/form8-k.htm
CSAI,0001709628,2026-09-02 00:00:00,2026-09-02 14:16:11,8-K,False,https://www.sec.gov/Archives/edgar/data/1709628/000168316826006883/0001683168-26-006883-index.htm,https://www.sec.gov/Archives/edgar/data/1709628/000168316826006883/cloud_8k.htm
None,0001321755,2026-09-02 00:00:00,2026-09-02 14:06:28,8-K,False,https://www.sec.gov/Archives/edgar/data/1321755/000114036126035474/0001140361-26-035474-index.htm,https://www.sec.gov/Archives/edgar/data/1321755/000114036126035474/ef20081501_8k.htm
None,0001321778,2026-09-02 00:00:00,2026-09-02 14:01:51,8-K,False,https://www.sec.gov/Archives/edgar/data/1321778/000114036126035470/0001140361-26-035470-index.htm,https://www.sec.gov/Archives/edgar/data/1321778/000114036126035470/ef20081500_8k.htm
RVSB,0001041368,2026-09-02 00:00:00,2026-09-02 13:28:14,8-K,False,https://www.sec.gov/Archives/edgar/data/1041368/000093905726000222/0000939057-26-000222-index.htm,https://www.sec.gov/Archives/edgar/data/1041368/000093905726000222/rvsb-20260827.htm
CURLF,0001756770,2026-09-02 00:00:00,2026-09-02 13:15:18,8-K,False,https://www.sec.gov/Archives/edgar/data/1756770/000175677026000090/0001756770-26-000090-index.htm,https://www.sec.gov/Archives/edgar/data/1756770/000175677026000090/curlf-20260902.htm
HTLD,0000799233,2026-09-02 00:00:00,2026-09-02 13:09:18,8-K,False,https://www.sec.gov/Archives/edgar/data/799233/000079923326000041/0000799233-26-000041-index.htm,https://www.sec.gov/Archives/edgar/data/799233/000079923326000041/htld-20260901.htm
TLCC,0001590695,2026-09-02 00:00:00,2026-09-02 11:02:44,8-K,False,https://www.sec.gov/Archives/edgar/data/1590695/000175392626001687/0001753926-26-001687-index.htm,https://www.sec.gov/Archives/edgar/data/1590695/000175392626001687/g085921_8k.htm
None,0002109869,2026-09-02 00:00:00,2026-09-02 10:55:29,8-K,True,https://www.sec.gov/Archives/edgar/data/2109869/000182912626009632/0001829126-26-009632-index.htm,https://www.sec.gov/Archives/edgar/data/2109869/000182912626009632/exascalelabs_ex99-1.htm
None,0002091438,2026-09-02 00:00:00,2026-09-02 10:43:24,8-K,False,https://www.sec.gov/Archives/edgar/data/2091438/000209143826000018/0002091438-26-000018-index.htm,https://www.sec.gov/Archives/edgar/data/2091438/000209143826000018/form8k.htm
None,0001665081,2026-09-02 00:00:00,2026-09-02 10:40:36,8-K,False,https://www.sec.gov/Archives/edgar/data/1665081/000188852426016563/0001888524-26-016563-index.htm,https://www.sec.gov/Archives/edgar/data/1665081/000188852426016563/msc16c28_8k-09012026.htm
SQFTW,0001080657,2026-09-02 00:00:00,2026-09-02 10:38:17,8-K,False,https://www.sec.gov/Archives/edgar/data/1080657/000149315226041173/0001493152-26-041173-index.htm,https://www.sec.gov/Archives/edgar/data/1080657/000149315226041173/form8-k.htm
SQFTP,0001080657,2026-09-02 00:00:00,2026-09-02 10:38:17,8-K,False,https://www.sec.gov/Archives/edgar/data/1080657/000149315226041173/0001493152-26-041173-index.htm,https://www.sec.gov/Archives/edgar/data/1080657/000149315226041173/form8-k.htm
SQFT,0001080657,2026-09-02 00:00:00,2026-09-02 10:38:17,8-K,False,https://www.sec.gov/Archives/edgar/data/1080657/000149315226041173/0001493152-26-041173-index.htm,https://www.sec.gov/Archives/edgar/data/1080657/000149315226041173/form8-k.htm
None,0001981769,2026-09-02 00:00:00,2026-09-02 10:34:52,8-K,False,https://www.sec.gov/Archives/edgar/data/1981769/000188852426016561/0001888524-26-016561-index.htm,https://www.sec.gov/Archives/edgar/data/1981769/000188852426016561/bcr23c20_8k-09012026.htm
None,0001985684,2026-09-02 00:00:00,2026-09-02 10:26:13,8-K,False,https://www.sec.gov/Archives/edgar/data/1985684/000188852426016559/0001888524-26-016559-index.htm,https://www.sec.gov/Archives/edgar/data/1985684/000188852426016559/bcr23c21_8k-09012026.htm
None,0001998392,2026-09-02 00:00:00,2026-09-02 10:20:42,8-K,False,https://www.sec.gov/Archives/edgar/data/1998392/000188852426016557/0001888524-26-016557-index.htm,https://www.sec.gov/Archives/edgar/data/1998392/000188852426016557/bcr23c23_8k-09012026.htm
None,0001707817,2026-09-02 00:00:00,2026-09-02 10:18:08,8-K,False,https://www.sec.gov/Archives/edgar/data/1707817/000188852426016555/0001888524-26-016555-index.htm,https://www.sec.gov/Archives/edgar/data/1707817/000188852426016555/wcm17c38_8k-09012026.htm
None,0001696707,2026-09-02 00:00:00,2026-09-02 10:14:52,8-K,False,https://www.sec.gov/Archives/edgar/data/1696707/000188852426016553/0001888524-26-016553-index.htm,https://www.sec.gov/Archives/edgar/data/1696707/000188852426016553/bcr17c01_8k-09012026.htm
None,0001699462,2026-09-02 00:00:00,2026-09-02 10:09:20,8-K,False,https://www.sec.gov/Archives/edgar/data/1699462/000188852426016551/0001888524-26-016551-index.htm,https://www.sec.gov/Archives/edgar/data/1699462/000188852426016551/wcm17rb1_8k-09012026.htm
None,0001780131,2026-09-02 00:00:00,2026-09-02 10:06:59,8-K,False,https://www.sec.gov/Archives/edgar/data/1780131/000188852426016549/0001888524-26-016549-index.htm,https://www.sec.gov/Archives/edgar/data/1780131/000188852426016549/bub19c04_8k-09012026.htm
ASB-PF,0000007789,2026-09-02 00:00:00,2026-09-02 10:02:09,8-K,False,https://www.sec.gov/Archives/edgar/data/7789/000110465926104533/0001104659-26-104533-index.htm,https://www.sec.gov/Archives/edgar/data/7789/000110465926104533/tm2624370d1_8k.htm
ASB,0000007789,2026-09-02 00:00:00,2026-09-02 10:02:09,8-K,False,https://www.sec.gov/Archives/edgar/data/7789/000110465926104533/0001104659-26-104533-index.htm,https://www.sec.gov/Archives/edgar/data/7789/000110465926104533/tm2624370d1_8k.htm
ASB-PE,0000007789,2026-09-02 00:00:00,2026-09-02 10:02:09,8-K,False,https://www.sec.gov/Archives/edgar/data/7789/000110465926104533/0001104659-26-104533-index.htm,https://www.sec.gov/Archives/edgar/data/7789/000110465926104533/tm2624370d1_8k.htm
ASBA,0000007789,2026-09-02 00:00:00,2026-09-02 10:02:09,8-K,False,https://www.sec.gov/Archives/edgar/data/7789/000110465926104533/0001104659-26-104533-index.htm,https://www.sec.gov/Archives/edgar/data/7789/000110465926104533/tm2624370d1_8k.htm
None,0001780678,2026-09-02 00:00:00,2026-09-02 09:59:57,8-K,False,https://www.sec.gov/Archives/edgar/data/1780678/000188852426016547/0001888524-26-016547-index.htm,https://www.sec.gov/Archives/edgar/data/1780678/000188852426016547/wcm19c52_8k-09012026.htm
EXLS,0001297989,2026-09-02 00:00:00,2026-09-02 09:58:17,8-K,False,https://www.sec.gov/Archives/edgar/data/1297989/000110465926104527/0001104659-26-104527-index.htm,https://www.sec.gov/Archives/edgar/data/1297989/000110465926104527/tm2624603d1_8k.htm
None,0001991524,2026-09-02 00:00:00,2026-09-02 09:57:56,8-K,False,https://www.sec.gov/Archives/edgar/data/1991524/000188852426016545/0001888524-26-016545-index.htm,https://www.sec.gov/Archives/edgar/data/1991524/000188852426016545/bak23yr3_8k-09012026.htm
None,0001958501,2026-09-02 00:00:00,2026-09-02 09:54:34,8-K,False,https://www.sec.gov/Archives/edgar/data/1958501/000188852426016543/0001888524-26-016543-index.htm,https://www.sec.gov/Archives/edgar/data/1958501/000188852426016543/bak23b45_8k-09012026.htm
None,0001880921,2026-09-02 00:00:00,2026-09-02 09:51:15,8-K,False,https://www.sec.gov/Archives/edgar/data/1880921/000188852426016541/0001888524-26-016541-index.htm,https://www.sec.gov/Archives/edgar/data/1880921/000188852426016541/bal21b36_8k-09012026.htm
None,0001780859,2026-09-02 00:00:00,2026-09-02 09:49:50,8-K,False,https://www.sec.gov/Archives/edgar/data/1780859/000188852426016539/0001888524-26-016539-index.htm,https://www.sec.gov/Archives/edgar/data/1780859/000188852426016539/wcm19b19_8k-09012026.htm
None,0001832874,2026-09-02 00:00:00,2026-09-02 09:45:50,8-K,False,https://www.sec.gov/Archives/edgar/data/1832874/000188852426016537/0001888524-26-016537-index.htm,https://www.sec.gov/Archives/edgar/data/1832874/000188852426016537/bal20b30_8k-09012026.htm
REX,0000744187,2026-09-02 00:00:00,2026-09-02 09:44:17,8-K,True,https://www.sec.gov/Archives/edgar/data/744187/000093041326002809/0000930413-26-002809-index.htm,https://www.sec.gov/Archives/edgar/data/744187/000093041326002809/c117594_ex99.htm
None,0001776721,2026-09-02 00:00:00,2026-09-02 09:39:55,8-K,False,https://www.sec.gov/Archives/edgar/data/1776721/000188852426016535/0001888524-26-016535-index.htm,https://www.sec.gov/Archives/edgar/data/1776721/000188852426016535/wcm19c51_8k-09012026.htm
None,0001687031,2026-09-02 00:00:00,2026-09-02 09:33:58,8-K,False,https://www.sec.gov/Archives/edgar/data/1687031/000188852426016533/0001888524-26-016533-index.htm,https://www.sec.gov/Archives/edgar/data/1687031/000188852426016533/msc16c31_8k-09012026.htm
None,0001688451,2026-09-02 00:00:00,2026-09-02 09:30:18,8-K,False,https://www.sec.gov/Archives/edgar/data/1688451/000188852426016531/0001888524-26-016531-index.htm,https://www.sec.gov/Archives/edgar/data/1688451/000188852426016531/wcm16l25_8k-09012026.htm
None,0001863688,2026-09-02 00:00:00,2026-09-02 09:27:27,8-K,False,https://www.sec.gov/Archives/edgar/data/1863688/000188852426016529/0001888524-26-016529-index.htm,https://www.sec.gov/Archives/edgar/data/1863688/000188852426016529/wcm21b34_8k-09012026.htm
CZWI,0001367859,2026-09-02 00:00:00,2026-09-02 09:27:09,8-K,False,https://www.sec.gov/Archives/edgar/data/1367859/000136785926000052/0001367859-26-000052-index.htm,https://www.sec.gov/Archives/edgar/data/1367859/000136785926000052/czwi-20260902.htm
None,0001638933,2026-09-02 00:00:00,2026-09-02 09:26:38,8-K,False,https://www.sec.gov/Archives/edgar/data/1638933/000188852426016528/0001888524-26-016528-index.htm,https://www.sec.gov/Archives/edgar/data/1638933/000188852426016528/wcm15c28_8k-09012026.htm
None,0001686150,2026-09-02 00:00:00,2026-09-02 09:25:21,8-K,False,https://www.sec.gov/Archives/edgar/data/1686150/000188852426016525/0001888524-26-016525-index.htm,https://www.sec.gov/Archives/edgar/data/1686150/000188852426016525/wcm16c36_8k-09012026.htm
None,0001673542,2026-09-02 00:00:00,2026-09-02 09:24:38,8-K,False,https://www.sec.gov/Archives/edgar/data/1673542/000188852426016524/0001888524-26-016524-index.htm,https://www.sec.gov/Archives/edgar/data/1673542/000188852426016524/bal16ubs_8k-09012026.htm
None,0001996001,2026-09-02 00:00:00,2026-09-02 09:23:38,8-K,False,https://www.sec.gov/Archives/edgar/data/1996001/000188852426016522/0001888524-26-016522-index.htm,https://www.sec.gov/Archives/edgar/data/1996001/000188852426016522/bak23yr4_8k-09012026.htm
None,0001982178,2026-09-02 00:00:00,2026-09-02 09:21:32,8-K,False,https://www.sec.gov/Archives/edgar/data/1982178/000188852426016520/0001888524-26-016520-index.htm,https://www.sec.gov/Archives/edgar/data/1982178/000188852426016520/bmk23v03_8k-09012026.htm
None,0001840121,2026-09-02 00:00:00,2026-09-02 09:17:44,8-K,False,https://www.sec.gov/Archives/edgar/data/1840121/000188852426016518/0001888524-26-016518-index.htm,https://www.sec.gov/Archives/edgar/data/1840121/000188852426016518/wcm21b31_8k-09012026.htm
None,0001946375,2026-09-02 00:00:00,2026-09-02 09:17:31,8-K,False,https://www.sec.gov/Archives/edgar/data/1946375/000188852426016517/0001888524-26-016517-index.htm,https://www.sec.gov/Archives/edgar/data/1946375/000188852426016517/bmk22b37_8k-09012026.htm
None,0001987221,2026-09-02 00:00:00,2026-09-02 09:16:17,8-K,False,https://www.sec.gov/Archives/edgar/data/1987221/000119312526379459/0001193125-26-379459-index.htm,https://www.sec.gov/Archives/edgar/data/1987221/000119312526379459/d430297d8k.htm
DH,0001861795,2026-09-02 00:00:00,2026-09-02 09:16:14,8-K,False,https://www.sec.gov/Archives/edgar/data/1861795/000119312526379460/0001193125-26-379460-index.htm,https://www.sec.gov/Archives/edgar/data/1861795/000119312526379460/dh-20260902.htm
None,0002020737,2026-09-02 00:00:00,2026-09-02 09:14:41,8-K,False,https://www.sec.gov/Archives/edgar/data/2020737/000149315226041165/0001493152-26-041165-index.htm,https://www.sec.gov/Archives/edgar/data/2020737/000149315226041165/form8-k.htm
None,0001703075,2026-09-02 00:00:00,2026-09-02 09:13:30,8-K,False,https://www.sec.gov/Archives/edgar/data/1703075/000188852426016514/0001888524-26-016514-index.htm,https://www.sec.gov/Archives/edgar/data/1703075/000188852426016514/ccr17c08_8k-09012026.htm
TOMZ,0000314227,2026-09-02 00:00:00,2026-09-02 09:11:21,8-K,False,https://www.sec.gov/Archives/edgar/data/314227/000165495426008078/0001654954-26-008078-index.htm,https://www.sec.gov/Archives/edgar/data/314227/000165495426008078/tomz_8k.htm
None,0001698685,2026-09-02 00:00:00,2026-09-02 09:08:56,8-K,False,https://www.sec.gov/Archives/edgar/data/1698685/000188852426016512/0001888524-26-016512-index.htm,https://www.sec.gov/Archives/edgar/data/1698685/000188852426016512/wcm17bk4_8k-09012026.htm
None,0001609671,2026-09-02 00:00:00,2026-09-02 09:08:15,8-K,False,https://www.sec.gov/Archives/edgar/data/1609671/000188852426016511/0001888524-26-016511-index.htm,https://www.sec.gov/Archives/edgar/data/1609671/000188852426016511/wcm14c21_8k-09012026.htm
CTGO,0001502377,2026-09-02 00:00:00,2026-09-02 09:00:16,8-K,False,https://www.sec.gov/Archives/edgar/data/1502377/000119312526379446/0001193125-26-379446-index.htm,https://www.sec.gov/Archives/edgar/data/1502377/000119312526379446/ctgo-20260902.htm
ADBT,0002084227,2026-09-02 00:00:00,2026-09-02 09:00:10,8-K,False,https://www.sec.gov/Archives/edgar/data/2084227/000149315226041162/0001493152-26-041162-index.htm,https://www.sec.gov/Archives/edgar/data/2084227/000149315226041162/form8-k.htm
ADBT,0002084227,2026-09-02 00:00:00,2026-09-02 08:47:21,8-K,False,https://www.sec.gov/Archives/edgar/data/2084227/000149315226041157/0001493152-26-041157-index.htm,https://www.sec.gov/Archives/edgar/data/2084227/000149315226041157/form8-k.htm
ALLO,0001737287,2026-09-02 00:00:00,2026-09-02 08:35:05,8-K,False,https://www.sec.gov/Archives/edgar/data/1737287/000119312526379423/0001193125-26-379423-index.htm,https://www.sec.gov/Archives/edgar/data/1737287/000119312526379423/d522964d8k.htm
DH,0001861795,2026-09-02 00:00:00,2026-09-02 08:31:13,8-K,False,https://www.sec.gov/Archives/edgar/data/1861795/000119312526379420/0001193125-26-379420-index.htm,https://www.sec.gov/Archives/edgar/data/1861795/000119312526379420/dh-20260828.htm
AUID,0001534154,2026-09-02 00:00:00,2026-09-02 08:30:33,8-K,False,https://www.sec.gov/Archives/edgar/data/1534154/000121390026096463/0001213900-26-096463-index.htm,https://www.sec.gov/Archives/edgar/data/1534154/000121390026096463/ea0304288-8k_authid.htm
EURK,0002000410,2026-09-02 00:00:00,2026-09-02 08:30:33,8-K,False,https://www.sec.gov/Archives/edgar/data/2000410/000121390026096465/0001213900-26-096465-index.htm,https://www.sec.gov/Archives/edgar/data/2000410/000121390026096465/ea0303972-8k_eureka.htm
EURKU,0002000410,2026-09-02 00:00:00,2026-09-02 08:30:33,8-K,False,https://www.sec.gov/Archives/edgar/data/2000410/000121390026096465/0001213900-26-096465-index.htm,https://www.sec.gov/Archives/edgar/data/2000410/000121390026096465/ea0303972-8k_eureka.htm
EURKR,0002000410,2026-09-02 00:00:00,2026-09-02 08:30:33,8-K,False,https://www.sec.gov/Archives/edgar/data/2000410/000121390026096465/0001213900-26-096465-index.htm,https://www.sec.gov/Archives/edgar/data/2000410/000121390026096465/ea0303972-8k_eureka.htm
CALC,0001534133,2026-09-02 00:00:00,2026-09-02 08:30:07,8-K,False,https://www.sec.gov/Archives/edgar/data/1534133/000119312526379419/0001193125-26-379419-index.htm,https://www.sec.gov/Archives/edgar/data/1534133/000119312526379419/d133027d8k.htm
GRAY,0001534133,2026-09-02 00:00:00,2026-09-02 08:30:07,8-K,False,https://www.sec.gov/Archives/edgar/data/1534133/000119312526379419/0001193125-26-379419-index.htm,https://www.sec.gov/Archives/edgar/data/1534133/000119312526379419/d133027d8k.htm
TDS,0001051512,2026-09-02 00:00:00,2026-09-02 08:06:54,8-K,False,https://www.sec.gov/Archives/edgar/data/1051512/000105151226000070/0001051512-26-000070-index.htm,https://www.sec.gov/Archives/edgar/data/1051512/000105151226000070/tds-20260901.htm
TDA,0001051512,2026-09-02 00:00:00,2026-09-02 08:06:54,8-K,False,https://www.sec.gov/Archives/edgar/data/1051512/000105151226000070/0001051512-26-000070-index.htm,https://www.sec.gov/Archives/edgar/data/1051512/000105151226000070/tds-20260901.htm
TDI,0001051512,2026-09-02 00:00:00,2026-09-02 08:06:54,8-K,False,https://www.sec.gov/Archives/edgar/data/1051512/000105151226000070/0001051512-26-000070-index.htm,https://www.sec.gov/Archives/edgar/data/1051512/000105151226000070/tds-20260901.htm
TDS-PV,0001051512,2026-09-02 00:00:00,2026-09-02 08:06:54,8-K,False,https://www.sec.gov/Archives/edgar/data/1051512/000105151226000070/0001051512-26-000070-index.htm,https://www.sec.gov/Archives/edgar/data/1051512/000105151226000070/tds-20260901.htm
TDS-PU,0001051512,2026-09-02 00:00:00,2026-09-02 08:06:54,8-K,False,https://www.sec.gov/Archives/edgar/data/1051512/000105151226000070/0001051512-26-000070-index.htm,https://www.sec.gov/Archives/edgar/data/1051512/000105151226000070/tds-20260901.htm
LLYVK,0001560385,2026-09-02 00:00:00,2026-09-02 08:04:36,8-K,False,https://www.sec.gov/Archives/edgar/data/1560385/000156038526000024/0001560385-26-000024-index.htm,https://www.sec.gov/Archives/edgar/data/1560385/000156038526000024/lmca-20260831x8k.htm
BATRA,0001560385,2026-09-02 00:00:00,2026-09-02 08:04:36,8-K,False,https://www.sec.gov/Archives/edgar/data/1560385/000156038526000024/0001560385-26-000024-index.htm,https://www.sec.gov/Archives/edgar/data/1560385/000156038526000024/lmca-20260831x8k.htm
LLYVB,0001560385,2026-09-02 00:00:00,2026-09-02 08:04:36,8-K,False,https://www.sec.gov/Archives/edgar/data/1560385/000156038526000024/0001560385-26-000024-index.htm,https://www.sec.gov/Archives/edgar/data/1560385/000156038526000024/lmca-20260831x8k.htm
LLYVA,0001560385,2026-09-02 00:00:00,2026-09-02 08:04:36,8-K,False,https://www.sec.gov/Archives/edgar/data/1560385/000156038526000024/0001560385-26-000024-index.htm,https://www.sec.gov/Archives/edgar/data/1560385/000156038526000024/lmca-20260831x8k.htm
FWONB,0001560385,2026-09-02 00:00:00,2026-09-02 08:04:36,8-K,False,https://www.sec.gov/Archives/edgar/data/1560385/000156038526000024/0001560385-26-000024-index.htm,https://www.sec.gov/Archives/edgar/data/1560385/000156038526000024/lmca-20260831x8k.htm
FWONK,0001560385,2026-09-02 00:00:00,2026-09-02 08:04:36,8-K,False,https://www.sec.gov/Archives/edgar/data/1560385/000156038526000024/0001560385-26-000024-index.htm,https://www.sec.gov/Archives/edgar/data/1560385/000156038526000024/lmca-20260831x8k.htm
FWONA,0001560385,2026-09-02 00:00:00,2026-09-02 08:04:36,8-K,False,https://www.sec.gov/Archives/edgar/data/1560385/000156038526000024/0001560385-26-000024-index.htm,https://www.sec.gov/Archives/edgar/data/1560385/000156038526000024/lmca-20260831x8k.htm
BATRK,0001560385,2026-09-02 00:00:00,2026-09-02 08:04:36,8-K,False,https://www.sec.gov/Archives/edgar/data/1560385/000156038526000024/0001560385-26-000024-index.htm,https://www.sec.gov/Archives/edgar/data/1560385/000156038526000024/lmca-20260831x8k.htm
LSXMA,0001560385,2026-09-02 00:00:00,2026-09-02 08:04:36,8-K,False,https://www.sec.gov/Archives/edgar/data/1560385/000156038526000024/0001560385-26-000024-index.htm,https://www.sec.gov/Archives/edgar/data/1560385/000156038526000024/lmca-20260831x8k.htm
BATRB,0001560385,2026-09-02 00:00:00,2026-09-02 08:04:36,8-K,False,https://www.sec.gov/Archives/edgar/data/1560385/000156038526000024/0001560385-26-000024-index.htm,https://www.sec.gov/Archives/edgar/data/1560385/000156038526000024/lmca-20260831x8k.htm
LSXMB,0001560385,2026-09-02 00:00:00,2026-09-02 08:04:36,8-K,False,https://www.sec.gov/Archives/edgar/data/1560385/000156038526000024/0001560385-26-000024-index.htm,https://www.sec.gov/Archives/edgar/data/1560385/000156038526000024/lmca-20260831x8k.htm
LSXMK,0001560385,2026-09-02 00:00:00,2026-09-02 08:04:36,8-K,False,https://www.sec.gov/Archives/edgar/data/1560385/000156038526000024/0001560385-26-000024-index.htm,https://www.sec.gov/Archives/edgar/data/1560385/000156038526000024/lmca-20260831x8k.htm
BF-B,0000014693,2026-09-02 00:00:00,2026-09-02 08:03:11,8-K,True,https://www.sec.gov/Archives/edgar/data/14693/000001469326000048/0000014693-26-000048-index.htm,https://www.sec.gov/Archives/edgar/data/14693/000001469326000048/fy27_q1xerevergreen.htm
BF-A,0000014693,2026-09-02 00:00:00,2026-09-02 08:03:11,8-K,True,https://www.sec.gov/Archives/edgar/data/14693/000001469326000048/0000014693-26-000048-index.htm,https://www.sec.gov/Archives/edgar/data/14693/000001469326000048/fy27_q1xerevergreen.htm
ROC,0002077709,2026-09-02 00:00:00,2026-09-02 08:00:29,8-K,False,https://www.sec.gov/Archives/edgar/data/2077709/000121390026096446/0001213900-26-096446-index.htm,https://www.sec.gov/Archives/edgar/data/2077709/000121390026096446/ea0304344-8k_rankone.htm
None,0002078416,2026-09-02 00:00:00,2026-09-02 08:00:27,8-K,False,https://www.sec.gov/Archives/edgar/data/2078416/000207841626000008/0002078416-26-000008-index.htm,https://www.sec.gov/Archives/edgar/data/2078416/000207841626000008/tmb-20260831x8k.htm
SCSC,0000918965,2026-09-02 00:00:00,2026-09-02 08:00:06,8-K,False,https://www.sec.gov/Archives/edgar/data/918965/000119312526379371/0001193125-26-379371-index.htm,https://www.sec.gov/Archives/edgar/data/918965/000119312526379371/d83281d8k.htm
GLIBK,0002057463,2026-09-02 00:00:00,2026-09-02 07:58:21,8-K,False,https://www.sec.gov/Archives/edgar/data/2057463/000205746326000021/0002057463-26-000021-index.htm,https://www.sec.gov/Archives/edgar/data/2057463/000205746326000021/glbk-20260828x8k.htm
GLIBB,0002057463,2026-09-02 00:00:00,2026-09-02 07:58:21,8-K,False,https://www.sec.gov/Archives/edgar/data/2057463/000205746326000021/0002057463-26-000021-index.htm,https://www.sec.gov/Archives/edgar/data/2057463/000205746326000021/glbk-20260828x8k.htm
DAKT,0000915779,2026-09-02 00:00:00,2026-09-02 07:44:37,8-K,True,https://www.sec.gov/Archives/edgar/data/915779/000162828026059967/0001628280-26-059967-index.htm,https://www.sec.gov/Archives/edgar/data/915779/000162828026059967/dakt-20260801x8kexx991.htm
EDBL,0001809750,2026-09-02 00:00:00,2026-09-02 07:35:43,8-K,False,https://www.sec.gov/Archives/edgar/data/1809750/000147793226005353/0001477932-26-005353-index.htm,https://www.sec.gov/Archives/edgar/data/1809750/000147793226005353/edbl_8k.htm
EDBLW,0001809750,2026-09-02 00:00:00,2026-09-02 07:35:43,8-K,False,https://www.sec.gov/Archives/edgar/data/1809750/000147793226005353/0001477932-26-005353-index.htm,https://www.sec.gov/Archives/edgar/data/1809750/000147793226005353/edbl_8k.htm
FCELB,0000886128,2026-09-02 00:00:00,2026-09-02 07:35:14,8-K,True,https://www.sec.gov/Archives/edgar/data/886128/000110465926104498/0001104659-26-104498-index.htm,https://www.sec.gov/Archives/edgar/data/886128/000110465926104498/fcel-20260902xex99d1.htm
FCEL,0000886128,2026-09-02 00:00:00,2026-09-02 07:35:14,8-K,True,https://www.sec.gov/Archives/edgar/data/886128/000110465926104498/0001104659-26-104498-index.htm,https://www.sec.gov/Archives/edgar/data/886128/000110465926104498/fcel-20260902xex99d1.htm
GIII,0000821002,2026-09-02 00:00:00,2026-09-02 07:30:18,8-K,True,https://www.sec.gov/Archives/edgar/data/821002/000095014226002481/0000950142-26-002481-index.htm,https://www.sec.gov/Archives/edgar/data/821002/000095014226002481/eh260826006_ex9901.htm
YCBD,0001644903,2026-09-02 00:00:00,2026-09-02 07:30:09,8-K,False,https://www.sec.gov/Archives/edgar/data/1644903/000143774926029455/0001437749-26-029455-index.htm,https://www.sec.gov/Archives/edgar/data/1644903/000143774926029455/ycbd20260901_8k.htm
YCBD-PA,0001644903,2026-09-02 00:00:00,2026-09-02 07:30:09,8-K,False,https://www.sec.gov/Archives/edgar/data/1644903/000143774926029455/0001437749-26-029455-index.htm,https://www.sec.gov/Archives/edgar/data/1644903/000143774926029455/ycbd20260901_8k.htm
MNOV,0001226616,2026-09-02 00:00:00,2026-09-02 07:30:05,8-K,False,https://www.sec.gov/Archives/edgar/data/1226616/000119312526379348/0001193125-26-379348-index.htm,https://www.sec.gov/Archives/edgar/data/1226616/000119312526379348/d159517d8k.htm
TCRX,0001783328,2026-09-02 00:00:00,2026-09-02 07:22:04,8-K,False,https://www.sec.gov/Archives/edgar/data/1783328/000119312526379343/0001193125-26-379343-index.htm,https://www.sec.gov/Archives/edgar/data/1783328/000119312526379343/d309786d8k.htm
CXM,0001569345,2026-09-02 00:00:00,2026-09-02 07:15:43,8-K,True,https://www.sec.gov/Archives/edgar/data/1569345/000156934526000035/0001569345-26-000035-index.htm,https://www.sec.gov/Archives/edgar/data/1569345/000156934526000035/live10qearningsrelease.htm
QURE,0001590560,2026-09-02 00:00:00,2026-09-02 07:06:12,8-K,False,https://www.sec.gov/Archives/edgar/data/1590560/000110465926104463/0001104659-26-104463-index.htm,https://www.sec.gov/Archives/edgar/data/1590560/000110465926104463/qure-20260902x8k.htm
OLLI,0001639300,2026-09-02 00:00:00,2026-09-02 07:05:44,8-K,True,https://www.sec.gov/Archives/edgar/data/1639300/000114036126035406/0001140361-26-035406-index.htm,https://www.sec.gov/Archives/edgar/data/1639300/000114036126035406/ef20081496_ex99-1.htm
DIBS,0001600641,2026-09-02 00:00:00,2026-09-02 07:03:51,8-K,False,https://www.sec.gov/Archives/edgar/data/1600641/000160064126000040/0001600641-26-000040-index.htm,https://www.sec.gov/Archives/edgar/data/1600641/000160064126000040/quarterly-20260902.htm
USGOW,0001947244,2026-09-02 00:00:00,2026-09-02 06:45:23,8-K,False,https://www.sec.gov/Archives/edgar/data/1947244/000149315226041149/0001493152-26-041149-index.htm,https://www.sec.gov/Archives/edgar/data/1947244/000149315226041149/form8-k.htm
USGO,0001947244,2026-09-02 00:00:00,2026-09-02 06:45:23,8-K,False,https://www.sec.gov/Archives/edgar/data/1947244/000149315226041149/0001493152-26-041149-index.htm,https://www.sec.gov/Archives/edgar/data/1947244/000149315226041149/form8-k.htm
GSAH,0001674101,2026-09-02 00:00:00,2026-09-02 06:42:34,8-K,False,https://www.sec.gov/Archives/edgar/data/1674101/000119312526379306/0001193125-26-379306-index.htm,https://www.sec.gov/Archives/edgar/data/1674101/000119312526379306/d472406d8k.htm
VRT,0001674101,2026-09-02 00:00:00,2026-09-02 06:42:34,8-K,False,https://www.sec.gov/Archives/edgar/data/1674101/000119312526379306/0001193125-26-379306-index.htm,https://www.sec.gov/Archives/edgar/data/1674101/000119312526379306/d472406d8k.htm
CWRK,0001515139,2026-09-02 00:00:00,2026-09-02 06:09:28,8-K,False,https://www.sec.gov/Archives/edgar/data/1515139/000149315226041142/0001493152-26-041142-index.htm,https://www.sec.gov/Archives/edgar/data/1515139/000149315226041142/form8-k.htm
MWRK,0001515139,2026-09-02 00:00:00,2026-09-02 06:09:28,8-K,False,https://www.sec.gov/Archives/edgar/data/1515139/000149315226041142/0001493152-26-041142-index.htm,https://www.sec.gov/Archives/edgar/data/1515139/000149315226041142/form8-k.htm
WAST,0001515139,2026-09-02 00:00:00,2026-09-02 06:09:28,8-K,False,https://www.sec.gov/Archives/edgar/data/1515139/000149315226041142/0001493152-26-041142-index.htm,https://www.sec.gov/Archives/edgar/data/1515139/000149315226041142/form8-k.htm
GSAH,0001674101,2026-09-02 00:00:00,2026-09-02 06:04:11,8-K,False,https://www.sec.gov/Archives/edgar/data/1674101/000162828026059961/0001628280-26-059961-index.htm,https://www.sec.gov/Archives/edgar/data/1674101/000162828026059961/vrt-20260902.htm
VRT,0001674101,2026-09-02 00:00:00,2026-09-02 06:04:11,8-K,False,https://www.sec.gov/Archives/edgar/data/1674101/000162828026059961/0001628280-26-059961-index.htm,https://www.sec.gov/Archives/edgar/data/1674101/000162828026059961/vrt-20260902.htm
