symbol,cik,filingDate,acceptedDate,formType,hasFinancials,link,finalLink
ENTA,0001177648,2026-06-23 00:00:00,2026-06-23 17:28:13,8-K,False,https://www.sec.gov/Archives/edgar/data/1177648/000119312526279803/0001193125-26-279803-index.htm,https://www.sec.gov/Archives/edgar/data/1177648/000119312526279803/d133783d8k.htm
None,0001684682,2026-06-23 00:00:00,2026-06-23 17:23:37,8-K,False,https://www.sec.gov/Archives/edgar/data/1684682/000199937126013287/0001999371-26-013287-index.htm,https://www.sec.gov/Archives/edgar/data/1684682/000199937126013287/cnl-8k_062326.htm
PRA,0001127703,2026-06-23 00:00:00,2026-06-23 17:21:25,8-K,False,https://www.sec.gov/Archives/edgar/data/1127703/000112770326000024/0001127703-26-000024-index.htm,https://www.sec.gov/Archives/edgar/data/1127703/000112770326000024/pra-20260623.htm
FIEE,0001467761,2026-06-23 00:00:00,2026-06-23 17:20:57,8-K,False,https://www.sec.gov/Archives/edgar/data/1467761/000182912626006781/0001829126-26-006781-index.htm,https://www.sec.gov/Archives/edgar/data/1467761/000182912626006781/fiee_8k.htm
MINM,0001467761,2026-06-23 00:00:00,2026-06-23 17:20:57,8-K,False,https://www.sec.gov/Archives/edgar/data/1467761/000182912626006781/0001829126-26-006781-index.htm,https://www.sec.gov/Archives/edgar/data/1467761/000182912626006781/fiee_8k.htm
SEAS,0001564902,2026-06-23 00:00:00,2026-06-23 17:20:39,8-K,False,https://www.sec.gov/Archives/edgar/data/1564902/000119312526279790/0001193125-26-279790-index.htm,https://www.sec.gov/Archives/edgar/data/1564902/000119312526279790/prks-20260616.htm
PRKS,0001564902,2026-06-23 00:00:00,2026-06-23 17:20:39,8-K,False,https://www.sec.gov/Archives/edgar/data/1564902/000119312526279790/0001193125-26-279790-index.htm,https://www.sec.gov/Archives/edgar/data/1564902/000119312526279790/prks-20260616.htm
None,0001765107,2026-06-23 00:00:00,2026-06-23 17:20:19,8-K,False,https://www.sec.gov/Archives/edgar/data/1765107/000176510726000014/0001765107-26-000014-index.htm,https://www.sec.gov/Archives/edgar/data/1765107/000176510726000014/cim-20260616.htm
CNM,0001856525,2026-06-23 00:00:00,2026-06-23 17:19:57,8-K,False,https://www.sec.gov/Archives/edgar/data/1856525/000185652526000059/0001856525-26-000059-index.htm,https://www.sec.gov/Archives/edgar/data/1856525/000185652526000059/cnm-20260623.htm
BCTG,0001819133,2026-06-23 00:00:00,2026-06-23 17:19:36,8-K,False,https://www.sec.gov/Archives/edgar/data/1819133/000119312526279788/0001193125-26-279788-index.htm,https://www.sec.gov/Archives/edgar/data/1819133/000119312526279788/d79260d8k.htm
TNGX,0001819133,2026-06-23 00:00:00,2026-06-23 17:19:36,8-K,False,https://www.sec.gov/Archives/edgar/data/1819133/000119312526279788/0001193125-26-279788-index.htm,https://www.sec.gov/Archives/edgar/data/1819133/000119312526279788/d79260d8k.htm
None,0002082557,2026-06-23 00:00:00,2026-06-23 17:16:43,8-K,False,https://www.sec.gov/Archives/edgar/data/2082557/000208255726000042/0002082557-26-000042-index.htm,https://www.sec.gov/Archives/edgar/data/2082557/000208255726000042/gpifs-20260623.htm
IPDN,0001546296,2026-06-23 00:00:00,2026-06-23 17:16:36,8-K,False,https://www.sec.gov/Archives/edgar/data/1546296/000143774926021462/0001437749-26-021462-index.htm,https://www.sec.gov/Archives/edgar/data/1546296/000143774926021462/ipdn20260623_8k.htm
HSCSW,0001468492,2026-06-23 00:00:00,2026-06-23 17:16:11,8-K,False,https://www.sec.gov/Archives/edgar/data/1468492/000121390026071186/0001213900-26-071186-index.htm,https://www.sec.gov/Archives/edgar/data/1468492/000121390026071186/ea0295700-8k_heartsci.htm
HSCS,0001468492,2026-06-23 00:00:00,2026-06-23 17:16:11,8-K,False,https://www.sec.gov/Archives/edgar/data/1468492/000121390026071186/0001213900-26-071186-index.htm,https://www.sec.gov/Archives/edgar/data/1468492/000121390026071186/ea0295700-8k_heartsci.htm
FBLG,0001958777,2026-06-23 00:00:00,2026-06-23 17:16:01,8-K,False,https://www.sec.gov/Archives/edgar/data/1958777/000119312526279778/0001193125-26-279778-index.htm,https://www.sec.gov/Archives/edgar/data/1958777/000119312526279778/fblg-20260622.htm
SVAQ,0002085659,2026-06-23 00:00:00,2026-06-23 17:15:42,8-K,False,https://www.sec.gov/Archives/edgar/data/2085659/000121390026071185/0001213900-26-071185-index.htm,https://www.sec.gov/Archives/edgar/data/2085659/000121390026071185/ea0295617-8k425_silicon.htm
SVAQW,0002085659,2026-06-23 00:00:00,2026-06-23 17:15:42,8-K,False,https://www.sec.gov/Archives/edgar/data/2085659/000121390026071185/0001213900-26-071185-index.htm,https://www.sec.gov/Archives/edgar/data/2085659/000121390026071185/ea0295617-8k425_silicon.htm
SVAQU,0002085659,2026-06-23 00:00:00,2026-06-23 17:15:42,8-K,False,https://www.sec.gov/Archives/edgar/data/2085659/000121390026071185/0001213900-26-071185-index.htm,https://www.sec.gov/Archives/edgar/data/2085659/000121390026071185/ea0295617-8k425_silicon.htm
PACHU,0002040381,2026-06-23 00:00:00,2026-06-23 17:15:20,8-K,False,https://www.sec.gov/Archives/edgar/data/2040381/000182912626006778/0001829126-26-006778-index.htm,https://www.sec.gov/Archives/edgar/data/2040381/000182912626006778/pioneeracq1_8k.htm
PACH,0002040381,2026-06-23 00:00:00,2026-06-23 17:15:20,8-K,False,https://www.sec.gov/Archives/edgar/data/2040381/000182912626006778/0001829126-26-006778-index.htm,https://www.sec.gov/Archives/edgar/data/2040381/000182912626006778/pioneeracq1_8k.htm
OFAL,0002036307,2026-06-23 00:00:00,2026-06-23 17:15:15,8-K,False,https://www.sec.gov/Archives/edgar/data/2036307/000149315226029828/0001493152-26-029828-index.htm,https://www.sec.gov/Archives/edgar/data/2036307/000149315226029828/form8-k.htm
CPRX,0001369568,2026-06-23 00:00:00,2026-06-23 17:15:09,8-K,False,https://www.sec.gov/Archives/edgar/data/1369568/000119312526279776/0001193125-26-279776-index.htm,https://www.sec.gov/Archives/edgar/data/1369568/000119312526279776/d166178d8k.htm
None,0002082559,2026-06-23 00:00:00,2026-06-23 17:13:33,8-K,False,https://www.sec.gov/Archives/edgar/data/2082559/000208255926000062/0002082559-26-000062-index.htm,https://www.sec.gov/Archives/edgar/data/2082559/000208255926000062/gpifi-20260623.htm
None,0001851491,2026-06-23 00:00:00,2026-06-23 17:13:00,8-K,False,https://www.sec.gov/Archives/edgar/data/1851491/000157587226000442/0001575872-26-000442-index.htm,https://www.sec.gov/Archives/edgar/data/1851491/000157587226000442/amass027_8k.htm
PFS,0001178970,2026-06-23 00:00:00,2026-06-23 17:11:35,8-K,False,https://www.sec.gov/Archives/edgar/data/1178970/000162828026044966/0001628280-26-044966-index.htm,https://www.sec.gov/Archives/edgar/data/1178970/000162828026044966/pfs-20260618.htm
EGHT,0001023731,2026-06-23 00:00:00,2026-06-23 17:10:41,8-K,False,https://www.sec.gov/Archives/edgar/data/1023731/000102373126000084/0001023731-26-000084-index.htm,https://www.sec.gov/Archives/edgar/data/1023731/000102373126000084/eght-20260617.htm
KEQU,0000055529,2026-06-23 00:00:00,2026-06-23 17:10:03,8-K,True,https://www.sec.gov/Archives/edgar/data/55529/000005552926000017/0000055529-26-000017-index.htm,https://www.sec.gov/Archives/edgar/data/55529/000005552926000017/prfy26q4earningsrelease.htm
BAM-WI,0001937926,2026-06-23 00:00:00,2026-06-23 17:08:58,8-K,False,https://www.sec.gov/Archives/edgar/data/1937926/000117184326004262/0001171843-26-004262-index.htm,https://www.sec.gov/Archives/edgar/data/1937926/000117184326004262/f8k_062326.htm
BAM,0001937926,2026-06-23 00:00:00,2026-06-23 17:08:58,8-K,False,https://www.sec.gov/Archives/edgar/data/1937926/000117184326004262/0001171843-26-004262-index.htm,https://www.sec.gov/Archives/edgar/data/1937926/000117184326004262/f8k_062326.htm
CBRE,0001138118,2026-06-23 00:00:00,2026-06-23 17:08:32,8-K,False,https://www.sec.gov/Archives/edgar/data/1138118/000119312526279756/0001193125-26-279756-index.htm,https://www.sec.gov/Archives/edgar/data/1138118/000119312526279756/cbre-20260623.htm
WLFC,0001018164,2026-06-23 00:00:00,2026-06-23 17:08:17,8-K,False,https://www.sec.gov/Archives/edgar/data/1018164/000119312526279754/0001193125-26-279754-index.htm,https://www.sec.gov/Archives/edgar/data/1018164/000119312526279754/d129925d8k.htm
WLFCP,0001018164,2026-06-23 00:00:00,2026-06-23 17:08:17,8-K,False,https://www.sec.gov/Archives/edgar/data/1018164/000119312526279754/0001193125-26-279754-index.htm,https://www.sec.gov/Archives/edgar/data/1018164/000119312526279754/d129925d8k.htm
None,0001976927,2026-06-23 00:00:00,2026-06-23 17:07:23,8-K,False,https://www.sec.gov/Archives/edgar/data/1976927/000197692726000046/0001976927-26-000046-index.htm,https://www.sec.gov/Archives/edgar/data/1976927/000197692726000046/incref-20260616.htm
CVLG,0000928658,2026-06-23 00:00:00,2026-06-23 17:06:12,8-K,False,https://www.sec.gov/Archives/edgar/data/928658/000100888626000179/0001008886-26-000179-index.htm,https://www.sec.gov/Archives/edgar/data/928658/000100888626000179/form8k.htm
OKTA,0001660134,2026-06-23 00:00:00,2026-06-23 17:05:42,8-K,False,https://www.sec.gov/Archives/edgar/data/1660134/000166013426000054/0001660134-26-000054-index.htm,https://www.sec.gov/Archives/edgar/data/1660134/000166013426000054/okta-20260618.htm
TAGS,0001471824,2026-06-23 00:00:00,2026-06-23 17:03:44,8-K,False,https://www.sec.gov/Archives/edgar/data/1471824/000143774926021459/0001437749-26-021459-index.htm,https://www.sec.gov/Archives/edgar/data/1471824/000143774926021459/tags20260623_8k.htm
WEAT,0001471824,2026-06-23 00:00:00,2026-06-23 17:03:44,8-K,False,https://www.sec.gov/Archives/edgar/data/1471824/000143774926021459/0001437749-26-021459-index.htm,https://www.sec.gov/Archives/edgar/data/1471824/000143774926021459/tags20260623_8k.htm
SOYB,0001471824,2026-06-23 00:00:00,2026-06-23 17:03:44,8-K,False,https://www.sec.gov/Archives/edgar/data/1471824/000143774926021459/0001437749-26-021459-index.htm,https://www.sec.gov/Archives/edgar/data/1471824/000143774926021459/tags20260623_8k.htm
DEFI,0001471824,2026-06-23 00:00:00,2026-06-23 17:03:44,8-K,False,https://www.sec.gov/Archives/edgar/data/1471824/000143774926021459/0001437749-26-021459-index.htm,https://www.sec.gov/Archives/edgar/data/1471824/000143774926021459/tags20260623_8k.htm
CORN,0001471824,2026-06-23 00:00:00,2026-06-23 17:03:44,8-K,False,https://www.sec.gov/Archives/edgar/data/1471824/000143774926021459/0001437749-26-021459-index.htm,https://www.sec.gov/Archives/edgar/data/1471824/000143774926021459/tags20260623_8k.htm
CANE,0001471824,2026-06-23 00:00:00,2026-06-23 17:03:44,8-K,False,https://www.sec.gov/Archives/edgar/data/1471824/000143774926021459/0001437749-26-021459-index.htm,https://www.sec.gov/Archives/edgar/data/1471824/000143774926021459/tags20260623_8k.htm
TBPH,0001583107,2026-06-23 00:00:00,2026-06-23 17:02:45,8-K,False,https://www.sec.gov/Archives/edgar/data/1583107/000110465926076857/0001104659-26-076857-index.htm,https://www.sec.gov/Archives/edgar/data/1583107/000110465926076857/tm2618538d1_8k.htm
DXLG,0000813298,2026-06-23 00:00:00,2026-06-23 17:02:25,8-K,False,https://www.sec.gov/Archives/edgar/data/813298/000119312526279737/0001193125-26-279737-index.htm,https://www.sec.gov/Archives/edgar/data/813298/000119312526279737/dxlg-20260623.htm
PX,0001841968,2026-06-23 00:00:00,2026-06-23 17:01:36,8-K,False,https://www.sec.gov/Archives/edgar/data/1841968/000119312526279736/0001193125-26-279736-index.htm,https://www.sec.gov/Archives/edgar/data/1841968/000119312526279736/rpc-20260618.htm
XELB,0001083220,2026-06-23 00:00:00,2026-06-23 17:01:26,8-K,False,https://www.sec.gov/Archives/edgar/data/1083220/000110465926076855/0001104659-26-076855-index.htm,https://www.sec.gov/Archives/edgar/data/1083220/000110465926076855/tm2618608d1_8k.htm
SXT,0000310142,2026-06-23 00:00:00,2026-06-23 17:00:51,8-K,False,https://www.sec.gov/Archives/edgar/data/310142/000114036126026110/0001140361-26-026110-index.htm,https://www.sec.gov/Archives/edgar/data/310142/000114036126026110/ef20076497_8k.htm
LASE,0001807887,2026-06-23 00:00:00,2026-06-23 17:00:31,8-K,False,https://www.sec.gov/Archives/edgar/data/1807887/000149315226029818/0001493152-26-029818-index.htm,https://www.sec.gov/Archives/edgar/data/1807887/000149315226029818/form8-k.htm
None,0001979414,2026-06-23 00:00:00,2026-06-23 17:00:27,8-K,False,https://www.sec.gov/Archives/edgar/data/1979414/000182912626006773/0001829126-26-006773-index.htm,https://www.sec.gov/Archives/edgar/data/1979414/000182912626006773/neonctechnologies_8k.htm
YOU,0001856314,2026-06-23 00:00:00,2026-06-23 17:00:25,8-K,True,https://www.sec.gov/Archives/edgar/data/1856314/000095014226001859/0000950142-26-001859-index.htm,https://www.sec.gov/Archives/edgar/data/1856314/000095014226001859/eh260797127_1001.htm
CREG,0000721693,2026-06-23 00:00:00,2026-06-23 17:00:17,8-K,False,https://www.sec.gov/Archives/edgar/data/721693/000121390026071170/0001213900-26-071170-index.htm,https://www.sec.gov/Archives/edgar/data/721693/000121390026071170/ea0295683-8k_smart.htm
ETR,0000065984,2026-06-23 00:00:00,2026-06-23 16:57:53,8-K,False,https://www.sec.gov/Archives/edgar/data/65984/000006598426000265/0000065984-26-000265-index.htm,https://www.sec.gov/Archives/edgar/data/65984/000006598426000265/etr-20260622.htm
None,0001930087,2026-06-23 00:00:00,2026-06-23 16:57:43,8-K,False,https://www.sec.gov/Archives/edgar/data/1930087/000193008726000074/0001930087-26-000074-index.htm,https://www.sec.gov/Archives/edgar/data/1930087/000193008726000074/gcred-20260623.htm
CALM,0000016160,2026-06-23 00:00:00,2026-06-23 16:56:01,8-K,False,https://www.sec.gov/Archives/edgar/data/16160/000156276226000074/0001562762-26-000074-index.htm,https://www.sec.gov/Archives/edgar/data/16160/000156276226000074/calm-20260623_8K.htm
ARLO,0001736946,2026-06-23 00:00:00,2026-06-23 16:55:00,8-K,False,https://www.sec.gov/Archives/edgar/data/1736946/000173694626000054/0001736946-26-000054-index.htm,https://www.sec.gov/Archives/edgar/data/1736946/000173694626000054/arlo-20260618.htm
SPCX,0001181412,2026-06-23 00:00:00,2026-06-23 16:53:39,8-K,False,https://www.sec.gov/Archives/edgar/data/1181412/000162828026044955/0001628280-26-044955-index.htm,https://www.sec.gov/Archives/edgar/data/1181412/000162828026044955/spcx-pricing8xk.htm
HSAQ,0001814114,2026-06-23 00:00:00,2026-06-23 16:52:19,8-K,False,https://www.sec.gov/Archives/edgar/data/1814114/000110465926076845/0001104659-26-076845-index.htm,https://www.sec.gov/Archives/edgar/data/1814114/000110465926076845/tm2618372d2_8k.htm
OBIO,0001814114,2026-06-23 00:00:00,2026-06-23 16:52:19,8-K,False,https://www.sec.gov/Archives/edgar/data/1814114/000110465926076845/0001104659-26-076845-index.htm,https://www.sec.gov/Archives/edgar/data/1814114/000110465926076845/tm2618372d2_8k.htm
None,0002031750,2026-06-23 00:00:00,2026-06-23 16:51:06,8-K,False,https://www.sec.gov/Archives/edgar/data/2031750/000203175026000042/0002031750-26-000042-index.htm,https://www.sec.gov/Archives/edgar/data/2031750/000203175026000042/aci-20260623.htm
FIRY,0001801661,2026-06-23 00:00:00,2026-06-23 16:50:50,8-K,False,https://www.sec.gov/Archives/edgar/data/1801661/000180166126000068/0001801661-26-000068-index.htm,https://www.sec.gov/Archives/edgar/data/1801661/000180166126000068/sklz-20260618.htm
SKLZ,0001801661,2026-06-23 00:00:00,2026-06-23 16:50:50,8-K,False,https://www.sec.gov/Archives/edgar/data/1801661/000180166126000068/0001801661-26-000068-index.htm,https://www.sec.gov/Archives/edgar/data/1801661/000180166126000068/sklz-20260618.htm
UPWK,0001627475,2026-06-23 00:00:00,2026-06-23 16:45:35,8-K,False,https://www.sec.gov/Archives/edgar/data/1627475/000162747526000039/0001627475-26-000039-index.htm,https://www.sec.gov/Archives/edgar/data/1627475/000162747526000039/upwork-20260623.htm
MFICL,0001278752,2026-06-23 00:00:00,2026-06-23 16:45:26,8-K,False,https://www.sec.gov/Archives/edgar/data/1278752/000119312526279657/0001193125-26-279657-index.htm,https://www.sec.gov/Archives/edgar/data/1278752/000119312526279657/d163936d8k.htm
MFIC,0001278752,2026-06-23 00:00:00,2026-06-23 16:45:26,8-K,False,https://www.sec.gov/Archives/edgar/data/1278752/000119312526279657/0001193125-26-279657-index.htm,https://www.sec.gov/Archives/edgar/data/1278752/000119312526279657/d163936d8k.htm
AINV,0001278752,2026-06-23 00:00:00,2026-06-23 16:45:26,8-K,False,https://www.sec.gov/Archives/edgar/data/1278752/000119312526279657/0001193125-26-279657-index.htm,https://www.sec.gov/Archives/edgar/data/1278752/000119312526279657/d163936d8k.htm
None,0002021728,2026-06-23 00:00:00,2026-06-23 16:43:37,8-K,True,https://www.sec.gov/Archives/edgar/data/2021728/000162828026044941/0001628280-26-044941-index.htm,https://www.sec.gov/Archives/edgar/data/2021728/000162828026044941/cbrsannouncesfinancialresu.htm
CBRS,0002021728,2026-06-23 00:00:00,2026-06-23 16:43:37,8-K,True,https://www.sec.gov/Archives/edgar/data/2021728/000162828026044941/0001628280-26-044941-index.htm,https://www.sec.gov/Archives/edgar/data/2021728/000162828026044941/cbrsannouncesfinancialresu.htm
None,0001918712,2026-06-23 00:00:00,2026-06-23 16:42:24,8-K,False,https://www.sec.gov/Archives/edgar/data/1918712/000162828026044938/0001628280-26-044938-index.htm,https://www.sec.gov/Archives/edgar/data/1918712/000162828026044938/asif-20260623.htm
SRNA,0001482541,2026-06-23 00:00:00,2026-06-23 16:40:34,8-K,False,https://www.sec.gov/Archives/edgar/data/1482541/000148254126000021/0001482541-26-000021-index.htm,https://www.sec.gov/Archives/edgar/data/1482541/000148254126000021/bnc-20260623.htm
CEADW,0001482541,2026-06-23 00:00:00,2026-06-23 16:40:34,8-K,False,https://www.sec.gov/Archives/edgar/data/1482541/000148254126000021/0001482541-26-000021-index.htm,https://www.sec.gov/Archives/edgar/data/1482541/000148254126000021/bnc-20260623.htm
CEAD,0001482541,2026-06-23 00:00:00,2026-06-23 16:40:34,8-K,False,https://www.sec.gov/Archives/edgar/data/1482541/000148254126000021/0001482541-26-000021-index.htm,https://www.sec.gov/Archives/edgar/data/1482541/000148254126000021/bnc-20260623.htm
BNC,0001482541,2026-06-23 00:00:00,2026-06-23 16:40:34,8-K,False,https://www.sec.gov/Archives/edgar/data/1482541/000148254126000021/0001482541-26-000021-index.htm,https://www.sec.gov/Archives/edgar/data/1482541/000148254126000021/bnc-20260623.htm
NVVE,0001836875,2026-06-23 00:00:00,2026-06-23 16:40:31,8-K,False,https://www.sec.gov/Archives/edgar/data/1836875/000183687526000045/0001836875-26-000045-index.htm,https://www.sec.gov/Archives/edgar/data/1836875/000183687526000045/nvve-20260623.htm
NVVEW,0001836875,2026-06-23 00:00:00,2026-06-23 16:40:31,8-K,False,https://www.sec.gov/Archives/edgar/data/1836875/000183687526000045/0001836875-26-000045-index.htm,https://www.sec.gov/Archives/edgar/data/1836875/000183687526000045/nvve-20260623.htm
IFFT,0000051253,2026-06-23 00:00:00,2026-06-23 16:39:50,8-K,False,https://www.sec.gov/Archives/edgar/data/51253/000114036126026107/0001140361-26-026107-index.htm,https://www.sec.gov/Archives/edgar/data/51253/000114036126026107/ef20076605_8k.htm
IFF,0000051253,2026-06-23 00:00:00,2026-06-23 16:39:50,8-K,False,https://www.sec.gov/Archives/edgar/data/51253/000114036126026107/0001140361-26-026107-index.htm,https://www.sec.gov/Archives/edgar/data/51253/000114036126026107/ef20076605_8k.htm
AXGN,0000805928,2026-06-23 00:00:00,2026-06-23 16:39:20,8-K,False,https://www.sec.gov/Archives/edgar/data/805928/000080592826000081/0000805928-26-000081-index.htm,https://www.sec.gov/Archives/edgar/data/805928/000080592826000081/axgn-20260623.htm
FDCT,0001722731,2026-06-23 00:00:00,2026-06-23 16:38:56,8-K,False,https://www.sec.gov/Archives/edgar/data/1722731/000149315226029812/0001493152-26-029812-index.htm,https://www.sec.gov/Archives/edgar/data/1722731/000149315226029812/form8-k.htm
STIM,0001227636,2026-06-23 00:00:00,2026-06-23 16:38:38,8-K,False,https://www.sec.gov/Archives/edgar/data/1227636/000119312526279601/0001193125-26-279601-index.htm,https://www.sec.gov/Archives/edgar/data/1227636/000119312526279601/d134186d8k.htm
HAYW,0001834622,2026-06-23 00:00:00,2026-06-23 16:37:14,8-K,False,https://www.sec.gov/Archives/edgar/data/1834622/000183462226000041/0001834622-26-000041-index.htm,https://www.sec.gov/Archives/edgar/data/1834622/000183462226000041/hayw-20260623.htm
SLNCF,0001479615,2026-06-23 00:00:00,2026-06-23 16:35:22,8-K,False,https://www.sec.gov/Archives/edgar/data/1479615/000119312526279577/0001193125-26-279577-index.htm,https://www.sec.gov/Archives/edgar/data/1479615/000119312526279577/sln-20260623.htm
SLN,0001479615,2026-06-23 00:00:00,2026-06-23 16:35:22,8-K,False,https://www.sec.gov/Archives/edgar/data/1479615/000119312526279577/0001193125-26-279577-index.htm,https://www.sec.gov/Archives/edgar/data/1479615/000119312526279577/sln-20260623.htm
NNN,0000751364,2026-06-23 00:00:00,2026-06-23 16:34:30,8-K,False,https://www.sec.gov/Archives/edgar/data/751364/000119312526279573/0001193125-26-279573-index.htm,https://www.sec.gov/Archives/edgar/data/751364/000119312526279573/nnn-20260623.htm
NNN-PF,0000751364,2026-06-23 00:00:00,2026-06-23 16:34:30,8-K,False,https://www.sec.gov/Archives/edgar/data/751364/000119312526279573/0001193125-26-279573-index.htm,https://www.sec.gov/Archives/edgar/data/751364/000119312526279573/nnn-20260623.htm
UGRO,0001706524,2026-06-23 00:00:00,2026-06-23 16:34:05,8-K,False,https://www.sec.gov/Archives/edgar/data/1706524/000121390026071142/0001213900-26-071142-index.htm,https://www.sec.gov/Archives/edgar/data/1706524/000121390026071142/ea0295712-8k_flash.htm
FLZH,0001706524,2026-06-23 00:00:00,2026-06-23 16:34:05,8-K,False,https://www.sec.gov/Archives/edgar/data/1706524/000121390026071142/0001213900-26-071142-index.htm,https://www.sec.gov/Archives/edgar/data/1706524/000121390026071142/ea0295712-8k_flash.htm
CAG,0000023217,2026-06-23 00:00:00,2026-06-23 16:33:12,8-K,False,https://www.sec.gov/Archives/edgar/data/23217/000002321726000018/0000023217-26-000018-index.htm,https://www.sec.gov/Archives/edgar/data/23217/000002321726000018/tmb-20260622x8k.htm
RES,0000742278,2026-06-23 00:00:00,2026-06-23 16:31:46,8-K,False,https://www.sec.gov/Archives/edgar/data/742278/000165495426006153/0001654954-26-006153-index.htm,https://www.sec.gov/Archives/edgar/data/742278/000165495426006153/res_8k.htm
None,0001837532,2026-06-23 00:00:00,2026-06-23 16:31:12,8-K,False,https://www.sec.gov/Archives/edgar/data/1837532/000119312526279554/0001193125-26-279554-index.htm,https://www.sec.gov/Archives/edgar/data/1837532/000119312526279554/d133823d8k.htm
COP,0001163165,2026-06-23 00:00:00,2026-06-23 16:30:56,8-K,False,https://www.sec.gov/Archives/edgar/data/1163165/000110465926076836/0001104659-26-076836-index.htm,https://www.sec.gov/Archives/edgar/data/1163165/000110465926076836/tm2618585d1_8k.htm
LOOP,0001504678,2026-06-23 00:00:00,2026-06-23 16:30:30,8-K,False,https://www.sec.gov/Archives/edgar/data/1504678/000143774926021449/0001437749-26-021449-index.htm,https://www.sec.gov/Archives/edgar/data/1504678/000143774926021449/loop20260623_8k.htm
GNK,0001326200,2026-06-23 00:00:00,2026-06-23 16:30:30,8-K,False,https://www.sec.gov/Archives/edgar/data/1326200/000114036126026099/0001140361-26-026099-index.htm,https://www.sec.gov/Archives/edgar/data/1326200/000114036126026099/ef20076616_8k.htm
CAPNR,0002024203,2026-06-23 00:00:00,2026-06-23 16:30:29,8-K,False,https://www.sec.gov/Archives/edgar/data/2024203/000149315226029805/0001493152-26-029805-index.htm,https://www.sec.gov/Archives/edgar/data/2024203/000149315226029805/form8-k.htm
CAPN,0002024203,2026-06-23 00:00:00,2026-06-23 16:30:29,8-K,False,https://www.sec.gov/Archives/edgar/data/2024203/000149315226029805/0001493152-26-029805-index.htm,https://www.sec.gov/Archives/edgar/data/2024203/000149315226029805/form8-k.htm
CAPNU,0002024203,2026-06-23 00:00:00,2026-06-23 16:30:29,8-K,False,https://www.sec.gov/Archives/edgar/data/2024203/000149315226029805/0001493152-26-029805-index.htm,https://www.sec.gov/Archives/edgar/data/2024203/000149315226029805/form8-k.htm
SBET,0001981535,2026-06-23 00:00:00,2026-06-23 16:30:29,8-K,False,https://www.sec.gov/Archives/edgar/data/1981535/000149315226029804/0001493152-26-029804-index.htm,https://www.sec.gov/Archives/edgar/data/1981535/000149315226029804/form8-k.htm
BJRI,0001013488,2026-06-23 00:00:00,2026-06-23 16:30:17,8-K,False,https://www.sec.gov/Archives/edgar/data/1013488/000119312526279546/0001193125-26-279546-index.htm,https://www.sec.gov/Archives/edgar/data/1013488/000119312526279546/bjri-20260617.htm
SVCC,0002033593,2026-06-23 00:00:00,2026-06-23 16:30:16,8-K,False,https://www.sec.gov/Archives/edgar/data/2033593/000121390026071133/0001213900-26-071133-index.htm,https://www.sec.gov/Archives/edgar/data/2033593/000121390026071133/ea0295613-8k_stellar5.htm
SVCCU,0002033593,2026-06-23 00:00:00,2026-06-23 16:30:16,8-K,False,https://www.sec.gov/Archives/edgar/data/2033593/000121390026071133/0001213900-26-071133-index.htm,https://www.sec.gov/Archives/edgar/data/2033593/000121390026071133/ea0295613-8k_stellar5.htm
SVCCW,0002033593,2026-06-23 00:00:00,2026-06-23 16:30:16,8-K,False,https://www.sec.gov/Archives/edgar/data/2033593/000121390026071133/0001213900-26-071133-index.htm,https://www.sec.gov/Archives/edgar/data/2033593/000121390026071133/ea0295613-8k_stellar5.htm
CBAT,0001117171,2026-06-23 00:00:00,2026-06-23 16:30:15,8-K,False,https://www.sec.gov/Archives/edgar/data/1117171/000121390026071130/0001213900-26-071130-index.htm,https://www.sec.gov/Archives/edgar/data/1117171/000121390026071130/ea0295553-8k_cbak.htm
JCTC,0000885307,2026-06-23 00:00:00,2026-06-23 16:30:15,8-K,False,https://www.sec.gov/Archives/edgar/data/885307/000107997326000865/0001079973-26-000865-index.htm,https://www.sec.gov/Archives/edgar/data/885307/000107997326000865/jctc_8k.htm
JCTCF,0000885307,2026-06-23 00:00:00,2026-06-23 16:30:15,8-K,False,https://www.sec.gov/Archives/edgar/data/885307/000107997326000865/0001079973-26-000865-index.htm,https://www.sec.gov/Archives/edgar/data/885307/000107997326000865/jctc_8k.htm
UUUU,0001385849,2026-06-23 00:00:00,2026-06-23 16:29:16,8-K,False,https://www.sec.gov/Archives/edgar/data/1385849/000106299326003317/0001062993-26-003317-index.htm,https://www.sec.gov/Archives/edgar/data/1385849/000106299326003317/form8k.htm
AHT,0001232582,2026-06-23 00:00:00,2026-06-23 16:29:13,8-K,True,https://www.sec.gov/Archives/edgar/data/1232582/000123258226000154/0001232582-26-000154-index.htm,https://www.sec.gov/Archives/edgar/data/1232582/000123258226000154/ahthgiaustinproformas.htm
AHT-PG,0001232582,2026-06-23 00:00:00,2026-06-23 16:29:13,8-K,True,https://www.sec.gov/Archives/edgar/data/1232582/000123258226000154/0001232582-26-000154-index.htm,https://www.sec.gov/Archives/edgar/data/1232582/000123258226000154/ahthgiaustinproformas.htm
AHT-PD,0001232582,2026-06-23 00:00:00,2026-06-23 16:29:13,8-K,True,https://www.sec.gov/Archives/edgar/data/1232582/000123258226000154/0001232582-26-000154-index.htm,https://www.sec.gov/Archives/edgar/data/1232582/000123258226000154/ahthgiaustinproformas.htm
AHT-PF,0001232582,2026-06-23 00:00:00,2026-06-23 16:29:13,8-K,True,https://www.sec.gov/Archives/edgar/data/1232582/000123258226000154/0001232582-26-000154-index.htm,https://www.sec.gov/Archives/edgar/data/1232582/000123258226000154/ahthgiaustinproformas.htm
AHT-PH,0001232582,2026-06-23 00:00:00,2026-06-23 16:29:13,8-K,True,https://www.sec.gov/Archives/edgar/data/1232582/000123258226000154/0001232582-26-000154-index.htm,https://www.sec.gov/Archives/edgar/data/1232582/000123258226000154/ahthgiaustinproformas.htm
AHT-PI,0001232582,2026-06-23 00:00:00,2026-06-23 16:29:13,8-K,True,https://www.sec.gov/Archives/edgar/data/1232582/000123258226000154/0001232582-26-000154-index.htm,https://www.sec.gov/Archives/edgar/data/1232582/000123258226000154/ahthgiaustinproformas.htm
None,0002027033,2026-06-23 00:00:00,2026-06-23 16:29:00,8-K,False,https://www.sec.gov/Archives/edgar/data/2027033/000110465926076831/0001104659-26-076831-index.htm,https://www.sec.gov/Archives/edgar/data/2027033/000110465926076831/tm2618576d1_8k.htm
ASIX,0001673985,2026-06-23 00:00:00,2026-06-23 16:28:13,8-K,False,https://www.sec.gov/Archives/edgar/data/1673985/000167398526000040/0001673985-26-000040-index.htm,https://www.sec.gov/Archives/edgar/data/1673985/000167398526000040/asix-20260622.htm
CNTY,0000911147,2026-06-23 00:00:00,2026-06-23 16:28:12,8-K,False,https://www.sec.gov/Archives/edgar/data/911147/000091114726000035/0000911147-26-000035-index.htm,https://www.sec.gov/Archives/edgar/data/911147/000091114726000035/cnty-20260622x8k.htm
ACRX,0001427925,2026-06-23 00:00:00,2026-06-23 16:27:15,8-K,False,https://www.sec.gov/Archives/edgar/data/1427925/000143774926021446/0001437749-26-021446-index.htm,https://www.sec.gov/Archives/edgar/data/1427925/000143774926021446/acrx20260622_8k.htm
TLPH,0001427925,2026-06-23 00:00:00,2026-06-23 16:27:15,8-K,False,https://www.sec.gov/Archives/edgar/data/1427925/000143774926021446/0001437749-26-021446-index.htm,https://www.sec.gov/Archives/edgar/data/1427925/000143774926021446/acrx20260622_8k.htm
NKE,0000320187,2026-06-23 00:00:00,2026-06-23 16:24:58,8-K,False,https://www.sec.gov/Archives/edgar/data/320187/000032018726000070/0000320187-26-000070-index.htm,https://www.sec.gov/Archives/edgar/data/320187/000032018726000070/nke-20260616.htm
BX,0001393818,2026-06-23 00:00:00,2026-06-23 16:23:27,8-K,False,https://www.sec.gov/Archives/edgar/data/1393818/000119312526279498/0001193125-26-279498-index.htm,https://www.sec.gov/Archives/edgar/data/1393818/000119312526279498/d122067d8k.htm
GME,0001326380,2026-06-23 00:00:00,2026-06-23 16:23:02,8-K,False,https://www.sec.gov/Archives/edgar/data/1326380/000132638026000029/0001326380-26-000029-index.htm,https://www.sec.gov/Archives/edgar/data/1326380/000132638026000029/gme-20260623.htm
ADTX,0001726711,2026-06-23 00:00:00,2026-06-23 16:22:16,8-K,False,https://www.sec.gov/Archives/edgar/data/1726711/000121390026071119/0001213900-26-071119-index.htm,https://www.sec.gov/Archives/edgar/data/1726711/000121390026071119/ea0295502-8k_aditxt.htm
None,0001983514,2026-06-23 00:00:00,2026-06-23 16:21:46,8-K,False,https://www.sec.gov/Archives/edgar/data/1983514/000119312526279490/0001193125-26-279490-index.htm,https://www.sec.gov/Archives/edgar/data/1983514/000119312526279490/ck0001983514-20260622.htm
MRP,0002017206,2026-06-23 00:00:00,2026-06-23 16:20:52,8-K,False,https://www.sec.gov/Archives/edgar/data/2017206/000119312526279485/0001193125-26-279485-index.htm,https://www.sec.gov/Archives/edgar/data/2017206/000119312526279485/ck0002017206-20260623.htm
OLMA,0001750284,2026-06-23 00:00:00,2026-06-23 16:19:56,8-K,False,https://www.sec.gov/Archives/edgar/data/1750284/000119312526279483/0001193125-26-279483-index.htm,https://www.sec.gov/Archives/edgar/data/1750284/000119312526279483/olma-20260617.htm
BNY,0001390777,2026-06-23 00:00:00,2026-06-23 16:19:20,8-K,False,https://www.sec.gov/Archives/edgar/data/1390777/000119312526279476/0001193125-26-279476-index.htm,https://www.sec.gov/Archives/edgar/data/1390777/000119312526279476/d227844d8k.htm
BK,0001390777,2026-06-23 00:00:00,2026-06-23 16:19:20,8-K,False,https://www.sec.gov/Archives/edgar/data/1390777/000119312526279476/0001193125-26-279476-index.htm,https://www.sec.gov/Archives/edgar/data/1390777/000119312526279476/d227844d8k.htm
BHRB,0001964333,2026-06-23 00:00:00,2026-06-23 16:18:55,8-K,False,https://www.sec.gov/Archives/edgar/data/1964333/000196433326000076/0001964333-26-000076-index.htm,https://www.sec.gov/Archives/edgar/data/1964333/000196433326000076/bhrb-20260623.htm
IBM,0000051143,2026-06-23 00:00:00,2026-06-23 16:18:27,8-K,False,https://www.sec.gov/Archives/edgar/data/51143/000005114326000061/0000051143-26-000061-index.htm,https://www.sec.gov/Archives/edgar/data/51143/000005114326000061/ibm-20260622.htm
ALTO,0000778164,2026-06-23 00:00:00,2026-06-23 16:18:22,8-K,False,https://www.sec.gov/Archives/edgar/data/778164/000121390026071111/0001213900-26-071111-index.htm,https://www.sec.gov/Archives/edgar/data/778164/000121390026071111/ea0295688-8k_alto.htm
ZCARW,0001854275,2026-06-23 00:00:00,2026-06-23 16:18:18,8-K,False,https://www.sec.gov/Archives/edgar/data/1854275/000121390026071110/0001213900-26-071110-index.htm,https://www.sec.gov/Archives/edgar/data/1854275/000121390026071110/ea0295693-8k_zoomcar.htm
ZCAR,0001854275,2026-06-23 00:00:00,2026-06-23 16:18:18,8-K,False,https://www.sec.gov/Archives/edgar/data/1854275/000121390026071110/0001213900-26-071110-index.htm,https://www.sec.gov/Archives/edgar/data/1854275/000121390026071110/ea0295693-8k_zoomcar.htm
IOAC,0001854275,2026-06-23 00:00:00,2026-06-23 16:18:18,8-K,False,https://www.sec.gov/Archives/edgar/data/1854275/000121390026071110/0001213900-26-071110-index.htm,https://www.sec.gov/Archives/edgar/data/1854275/000121390026071110/ea0295693-8k_zoomcar.htm
IOACW,0001854275,2026-06-23 00:00:00,2026-06-23 16:18:18,8-K,False,https://www.sec.gov/Archives/edgar/data/1854275/000121390026071110/0001213900-26-071110-index.htm,https://www.sec.gov/Archives/edgar/data/1854275/000121390026071110/ea0295693-8k_zoomcar.htm
IOACU,0001854275,2026-06-23 00:00:00,2026-06-23 16:18:18,8-K,False,https://www.sec.gov/Archives/edgar/data/1854275/000121390026071110/0001213900-26-071110-index.htm,https://www.sec.gov/Archives/edgar/data/1854275/000121390026071110/ea0295693-8k_zoomcar.htm
None,0001973476,2026-06-23 00:00:00,2026-06-23 16:18:09,8-K,False,https://www.sec.gov/Archives/edgar/data/1973476/000119312526279472/0001193125-26-279472-index.htm,https://www.sec.gov/Archives/edgar/data/1973476/000119312526279472/ck0001973476-20260622.htm
WOR,0000108516,2026-06-23 00:00:00,2026-06-23 16:17:58,8-K,True,https://www.sec.gov/Archives/edgar/data/108516/000119312526279469/0001193125-26-279469-index.htm,https://www.sec.gov/Archives/edgar/data/108516/000119312526279469/wor-ex99_1.htm
BZH,0000915840,2026-06-23 00:00:00,2026-06-23 16:17:41,8-K,True,https://www.sec.gov/Archives/edgar/data/915840/000091584026000046/0000915840-26-000046-index.htm,https://www.sec.gov/Archives/edgar/data/915840/000091584026000046/exhibit41bzh-indenturexcon.htm
None,0001851322,2026-06-23 00:00:00,2026-06-23 16:17:40,8-K,False,https://www.sec.gov/Archives/edgar/data/1851322/000119312526279467/0001193125-26-279467-index.htm,https://www.sec.gov/Archives/edgar/data/1851322/000119312526279467/ck0001851322-20260622.htm
KBH,0000795266,2026-06-23 00:00:00,2026-06-23 16:17:22,8-K,True,https://www.sec.gov/Archives/edgar/data/795266/000079526626000060/0000795266-26-000060-index.htm,https://www.sec.gov/Archives/edgar/data/795266/000079526626000060/exh991kbh-earningsrelease0.htm
TPL,0001811074,2026-06-23 00:00:00,2026-06-23 16:16:17,8-K,False,https://www.sec.gov/Archives/edgar/data/1811074/000181107426000045/0001811074-26-000045-index.htm,https://www.sec.gov/Archives/edgar/data/1811074/000181107426000045/tpl-20260623.htm
FIACW,0001854480,2026-06-23 00:00:00,2026-06-23 16:16:00,8-K,False,https://www.sec.gov/Archives/edgar/data/1854480/000114036126026092/0001140361-26-026092-index.htm,https://www.sec.gov/Archives/edgar/data/1854480/000114036126026092/ef20076666_8k.htm
FIAC,0001854480,2026-06-23 00:00:00,2026-06-23 16:16:00,8-K,False,https://www.sec.gov/Archives/edgar/data/1854480/000114036126026092/0001140361-26-026092-index.htm,https://www.sec.gov/Archives/edgar/data/1854480/000114036126026092/ef20076666_8k.htm
FIACU,0001854480,2026-06-23 00:00:00,2026-06-23 16:16:00,8-K,False,https://www.sec.gov/Archives/edgar/data/1854480/000114036126026092/0001140361-26-026092-index.htm,https://www.sec.gov/Archives/edgar/data/1854480/000114036126026092/ef20076666_8k.htm
DEVS,0001854480,2026-06-23 00:00:00,2026-06-23 16:16:00,8-K,False,https://www.sec.gov/Archives/edgar/data/1854480/000114036126026092/0001140361-26-026092-index.htm,https://www.sec.gov/Archives/edgar/data/1854480/000114036126026092/ef20076666_8k.htm
None,0002093507,2026-06-23 00:00:00,2026-06-23 16:15:53,8-K,False,https://www.sec.gov/Archives/edgar/data/2093507/000182912626006766/0001829126-26-006766-index.htm,https://www.sec.gov/Archives/edgar/data/2093507/000182912626006766/greenlandenergy_8k.htm
VRNOF,0001848416,2026-06-23 00:00:00,2026-06-23 16:15:37,8-K,False,https://www.sec.gov/Archives/edgar/data/1848416/000149315226029797/0001493152-26-029797-index.htm,https://www.sec.gov/Archives/edgar/data/1848416/000149315226029797/form8-k.htm
PCGU,0001004980,2026-06-23 00:00:00,2026-06-23 16:15:35,8-K,False,https://www.sec.gov/Archives/edgar/data/1004980/000119312526279461/0001193125-26-279461-index.htm,https://www.sec.gov/Archives/edgar/data/75488/000119312526279461/d110415d8k.htm
PCG-PD,0001004980,2026-06-23 00:00:00,2026-06-23 16:15:35,8-K,False,https://www.sec.gov/Archives/edgar/data/1004980/000119312526279461/0001193125-26-279461-index.htm,https://www.sec.gov/Archives/edgar/data/75488/000119312526279461/d110415d8k.htm
PCG-PE,0001004980,2026-06-23 00:00:00,2026-06-23 16:15:35,8-K,False,https://www.sec.gov/Archives/edgar/data/1004980/000119312526279461/0001193125-26-279461-index.htm,https://www.sec.gov/Archives/edgar/data/75488/000119312526279461/d110415d8k.htm
PCG-PA,0001004980,2026-06-23 00:00:00,2026-06-23 16:15:35,8-K,False,https://www.sec.gov/Archives/edgar/data/1004980/000119312526279461/0001193125-26-279461-index.htm,https://www.sec.gov/Archives/edgar/data/75488/000119312526279461/d110415d8k.htm
PCG-PC,0001004980,2026-06-23 00:00:00,2026-06-23 16:15:35,8-K,False,https://www.sec.gov/Archives/edgar/data/1004980/000119312526279461/0001193125-26-279461-index.htm,https://www.sec.gov/Archives/edgar/data/75488/000119312526279461/d110415d8k.htm
PCG,0001004980,2026-06-23 00:00:00,2026-06-23 16:15:35,8-K,False,https://www.sec.gov/Archives/edgar/data/1004980/000119312526279461/0001193125-26-279461-index.htm,https://www.sec.gov/Archives/edgar/data/75488/000119312526279461/d110415d8k.htm
PCG-PB,0001004980,2026-06-23 00:00:00,2026-06-23 16:15:35,8-K,False,https://www.sec.gov/Archives/edgar/data/1004980/000119312526279461/0001193125-26-279461-index.htm,https://www.sec.gov/Archives/edgar/data/75488/000119312526279461/d110415d8k.htm
PCG-PI,0001004980,2026-06-23 00:00:00,2026-06-23 16:15:35,8-K,False,https://www.sec.gov/Archives/edgar/data/1004980/000119312526279461/0001193125-26-279461-index.htm,https://www.sec.gov/Archives/edgar/data/75488/000119312526279461/d110415d8k.htm
PCG-PH,0001004980,2026-06-23 00:00:00,2026-06-23 16:15:35,8-K,False,https://www.sec.gov/Archives/edgar/data/1004980/000119312526279461/0001193125-26-279461-index.htm,https://www.sec.gov/Archives/edgar/data/75488/000119312526279461/d110415d8k.htm
PCG-PG,0001004980,2026-06-23 00:00:00,2026-06-23 16:15:35,8-K,False,https://www.sec.gov/Archives/edgar/data/1004980/000119312526279461/0001193125-26-279461-index.htm,https://www.sec.gov/Archives/edgar/data/75488/000119312526279461/d110415d8k.htm
None,0000075488,2026-06-23 00:00:00,2026-06-23 16:15:35,8-K,False,https://www.sec.gov/Archives/edgar/data/75488/000119312526279461/0001193125-26-279461-index.htm,https://www.sec.gov/Archives/edgar/data/75488/000119312526279461/d110415d8k.htm
QNRX,0001671502,2026-06-23 00:00:00,2026-06-23 16:15:28,8-K,False,https://www.sec.gov/Archives/edgar/data/1671502/000110465926076822/0001104659-26-076822-index.htm,https://www.sec.gov/Archives/edgar/data/1671502/000110465926076822/tm2618505d1_8k.htm
APOPW,0001671502,2026-06-23 00:00:00,2026-06-23 16:15:28,8-K,False,https://www.sec.gov/Archives/edgar/data/1671502/000110465926076822/0001104659-26-076822-index.htm,https://www.sec.gov/Archives/edgar/data/1671502/000110465926076822/tm2618505d1_8k.htm
APOP,0001671502,2026-06-23 00:00:00,2026-06-23 16:15:28,8-K,False,https://www.sec.gov/Archives/edgar/data/1671502/000110465926076822/0001104659-26-076822-index.htm,https://www.sec.gov/Archives/edgar/data/1671502/000110465926076822/tm2618505d1_8k.htm
TISI,0000318833,2026-06-23 00:00:00,2026-06-23 16:15:12,8-K,False,https://www.sec.gov/Archives/edgar/data/318833/000119312526279459/0001193125-26-279459-index.htm,https://www.sec.gov/Archives/edgar/data/318833/000119312526279459/d101292d8k.htm
URGN,0001668243,2026-06-23 00:00:00,2026-06-23 16:14:22,8-K,False,https://www.sec.gov/Archives/edgar/data/1668243/000143774926021442/0001437749-26-021442-index.htm,https://www.sec.gov/Archives/edgar/data/1668243/000143774926021442/urgn20260622_8k.htm
TWO-PC,0001465740,2026-06-23 00:00:00,2026-06-23 16:11:17,8-K,False,https://www.sec.gov/Archives/edgar/data/1465740/000110465926076817/0001104659-26-076817-index.htm,https://www.sec.gov/Archives/edgar/data/1465740/000110465926076817/tm2618523d1_8k.htm
TWO-PB,0001465740,2026-06-23 00:00:00,2026-06-23 16:11:17,8-K,False,https://www.sec.gov/Archives/edgar/data/1465740/000110465926076817/0001104659-26-076817-index.htm,https://www.sec.gov/Archives/edgar/data/1465740/000110465926076817/tm2618523d1_8k.htm
TWO-PA,0001465740,2026-06-23 00:00:00,2026-06-23 16:11:17,8-K,False,https://www.sec.gov/Archives/edgar/data/1465740/000110465926076817/0001104659-26-076817-index.htm,https://www.sec.gov/Archives/edgar/data/1465740/000110465926076817/tm2618523d1_8k.htm
TWO,0001465740,2026-06-23 00:00:00,2026-06-23 16:11:17,8-K,False,https://www.sec.gov/Archives/edgar/data/1465740/000110465926076817/0001104659-26-076817-index.htm,https://www.sec.gov/Archives/edgar/data/1465740/000110465926076817/tm2618523d1_8k.htm
SDGR,0001490978,2026-06-23 00:00:00,2026-06-23 16:10:58,8-K,False,https://www.sec.gov/Archives/edgar/data/1490978/000149097826000049/0001490978-26-000049-index.htm,https://www.sec.gov/Archives/edgar/data/1490978/000149097826000049/sdgr-20260622.htm
PCVX,0001649094,2026-06-23 00:00:00,2026-06-23 16:09:09,8-K,False,https://www.sec.gov/Archives/edgar/data/1649094/000164909426000026/0001649094-26-000026-index.htm,https://www.sec.gov/Archives/edgar/data/1649094/000164909426000026/pcvx-20260617.htm
IVT,0001307748,2026-06-23 00:00:00,2026-06-23 16:08:23,8-K,False,https://www.sec.gov/Archives/edgar/data/1307748/000130774826000163/0001307748-26-000163-index.htm,https://www.sec.gov/Archives/edgar/data/1307748/000130774826000163/ivtp-20260623.htm
FDX,0001048911,2026-06-23 00:00:00,2026-06-23 16:07:29,8-K,True,https://www.sec.gov/Archives/edgar/data/1048911/000104891126000050/0001048911-26-000050-index.htm,https://www.sec.gov/Archives/edgar/data/1048911/000104891126000050/fdx-earningsreleasefy2026q4.htm
EVCM,0001853145,2026-06-23 00:00:00,2026-06-23 16:06:09,8-K,False,https://www.sec.gov/Archives/edgar/data/1853145/000114036126026089/0001140361-26-026089-index.htm,https://www.sec.gov/Archives/edgar/data/1853145/000114036126026089/ef20076662_8k.htm
NUZE,0001527613,2026-06-23 00:00:00,2026-06-23 16:05:35,8-K,False,https://www.sec.gov/Archives/edgar/data/1527613/000149315226029784/0001493152-26-029784-index.htm,https://www.sec.gov/Archives/edgar/data/1527613/000149315226029784/form8-k.htm
IMG,0001527613,2026-06-23 00:00:00,2026-06-23 16:05:35,8-K,False,https://www.sec.gov/Archives/edgar/data/1527613/000149315226029784/0001493152-26-029784-index.htm,https://www.sec.gov/Archives/edgar/data/1527613/000149315226029784/form8-k.htm
RTTR,0001460702,2026-06-23 00:00:00,2026-06-23 16:05:35,8-K,False,https://www.sec.gov/Archives/edgar/data/1460702/000149315226029782/0001493152-26-029782-index.htm,https://www.sec.gov/Archives/edgar/data/1460702/000149315226029782/form8-k.htm
QLGN,0001460702,2026-06-23 00:00:00,2026-06-23 16:05:35,8-K,False,https://www.sec.gov/Archives/edgar/data/1460702/000149315226029782/0001493152-26-029782-index.htm,https://www.sec.gov/Archives/edgar/data/1460702/000149315226029782/form8-k.htm
UMH,0000752642,2026-06-23 00:00:00,2026-06-23 16:05:35,8-K,False,https://www.sec.gov/Archives/edgar/data/752642/000149315226029783/0001493152-26-029783-index.htm,https://www.sec.gov/Archives/edgar/data/752642/000149315226029783/form8-k.htm
UMH-PC,0000752642,2026-06-23 00:00:00,2026-06-23 16:05:35,8-K,False,https://www.sec.gov/Archives/edgar/data/752642/000149315226029783/0001493152-26-029783-index.htm,https://www.sec.gov/Archives/edgar/data/752642/000149315226029783/form8-k.htm
UMH-PD,0000752642,2026-06-23 00:00:00,2026-06-23 16:05:35,8-K,False,https://www.sec.gov/Archives/edgar/data/752642/000149315226029783/0001493152-26-029783-index.htm,https://www.sec.gov/Archives/edgar/data/752642/000149315226029783/form8-k.htm
TONX,0001566610,2026-06-23 00:00:00,2026-06-23 16:05:34,8-K,False,https://www.sec.gov/Archives/edgar/data/1566610/000149315226029781/0001493152-26-029781-index.htm,https://www.sec.gov/Archives/edgar/data/1566610/000149315226029781/form8-k.htm
VERBW,0001566610,2026-06-23 00:00:00,2026-06-23 16:05:34,8-K,False,https://www.sec.gov/Archives/edgar/data/1566610/000149315226029781/0001493152-26-029781-index.htm,https://www.sec.gov/Archives/edgar/data/1566610/000149315226029781/form8-k.htm
VERB,0001566610,2026-06-23 00:00:00,2026-06-23 16:05:34,8-K,False,https://www.sec.gov/Archives/edgar/data/1566610/000149315226029781/0001493152-26-029781-index.htm,https://www.sec.gov/Archives/edgar/data/1566610/000149315226029781/form8-k.htm
JANX,0001817713,2026-06-23 00:00:00,2026-06-23 16:05:31,8-K,False,https://www.sec.gov/Archives/edgar/data/1817713/000119312526279428/0001193125-26-279428-index.htm,https://www.sec.gov/Archives/edgar/data/1817713/000119312526279428/janx-20260623.htm
FAST,0000815556,2026-06-23 00:00:00,2026-06-23 16:05:26,8-K,False,https://www.sec.gov/Archives/edgar/data/815556/000081555626000035/0000815556-26-000035-index.htm,https://www.sec.gov/Archives/edgar/data/815556/000081555626000035/fast-20260618.htm
INMB,0001711754,2026-06-23 00:00:00,2026-06-23 16:05:25,8-K,False,https://www.sec.gov/Archives/edgar/data/1711754/000121390026071082/0001213900-26-071082-index.htm,https://www.sec.gov/Archives/edgar/data/1711754/000121390026071082/ea0295635-8k_inmune.htm
CXAIW,0001820875,2026-06-23 00:00:00,2026-06-23 16:05:23,8-K,False,https://www.sec.gov/Archives/edgar/data/1820875/000182912626006763/0001829126-26-006763-index.htm,https://www.sec.gov/Archives/edgar/data/1820875/000182912626006763/cxappinc_8k.htm
KINZU,0001820875,2026-06-23 00:00:00,2026-06-23 16:05:23,8-K,False,https://www.sec.gov/Archives/edgar/data/1820875/000182912626006763/0001829126-26-006763-index.htm,https://www.sec.gov/Archives/edgar/data/1820875/000182912626006763/cxappinc_8k.htm
KINZW,0001820875,2026-06-23 00:00:00,2026-06-23 16:05:23,8-K,False,https://www.sec.gov/Archives/edgar/data/1820875/000182912626006763/0001829126-26-006763-index.htm,https://www.sec.gov/Archives/edgar/data/1820875/000182912626006763/cxappinc_8k.htm
CXAI,0001820875,2026-06-23 00:00:00,2026-06-23 16:05:23,8-K,False,https://www.sec.gov/Archives/edgar/data/1820875/000182912626006763/0001829126-26-006763-index.htm,https://www.sec.gov/Archives/edgar/data/1820875/000182912626006763/cxappinc_8k.htm
KINZ,0001820875,2026-06-23 00:00:00,2026-06-23 16:05:23,8-K,False,https://www.sec.gov/Archives/edgar/data/1820875/000182912626006763/0001829126-26-006763-index.htm,https://www.sec.gov/Archives/edgar/data/1820875/000182912626006763/cxappinc_8k.htm
FBIO,0001429260,2026-06-23 00:00:00,2026-06-23 16:05:20,8-K,False,https://www.sec.gov/Archives/edgar/data/1429260/000110465926076811/0001104659-26-076811-index.htm,https://www.sec.gov/Archives/edgar/data/1429260/000110465926076811/fbio-20260617x8k.htm
FBIOP,0001429260,2026-06-23 00:00:00,2026-06-23 16:05:20,8-K,False,https://www.sec.gov/Archives/edgar/data/1429260/000110465926076811/0001104659-26-076811-index.htm,https://www.sec.gov/Archives/edgar/data/1429260/000110465926076811/fbio-20260617x8k.htm
IDYA,0001676725,2026-06-23 00:00:00,2026-06-23 16:05:20,8-K,False,https://www.sec.gov/Archives/edgar/data/1676725/000119312526279427/0001193125-26-279427-index.htm,https://www.sec.gov/Archives/edgar/data/1676725/000119312526279427/d39019d8k.htm
ANIK,0000898437,2026-06-23 00:00:00,2026-06-23 16:05:18,8-K,False,https://www.sec.gov/Archives/edgar/data/898437/000117184326004253/0001171843-26-004253-index.htm,https://www.sec.gov/Archives/edgar/data/898437/000117184326004253/f8k_062326.htm
LONA,0001620463,2026-06-23 00:00:00,2026-06-23 16:05:16,8-K,False,https://www.sec.gov/Archives/edgar/data/1620463/000119312526279425/0001193125-26-279425-index.htm,https://www.sec.gov/Archives/edgar/data/1620463/000119312526279425/lona-20260622.htm
ATHA,0001620463,2026-06-23 00:00:00,2026-06-23 16:05:16,8-K,False,https://www.sec.gov/Archives/edgar/data/1620463/000119312526279425/0001193125-26-279425-index.htm,https://www.sec.gov/Archives/edgar/data/1620463/000119312526279425/lona-20260622.htm
QDEL,0001906324,2026-06-23 00:00:00,2026-06-23 16:04:14,8-K,False,https://www.sec.gov/Archives/edgar/data/1906324/000190632426000028/0001906324-26-000028-index.htm,https://www.sec.gov/Archives/edgar/data/1906324/000190632426000028/qdel-20260622.htm
VSTM,0001526119,2026-06-23 00:00:00,2026-06-23 16:02:33,8-K,False,https://www.sec.gov/Archives/edgar/data/1526119/000110465926076809/0001104659-26-076809-index.htm,https://www.sec.gov/Archives/edgar/data/1526119/000110465926076809/tm2618546d1_8k.htm
FMC,0000037785,2026-06-23 00:00:00,2026-06-23 16:01:59,8-K,False,https://www.sec.gov/Archives/edgar/data/37785/000119312526279416/0001193125-26-279416-index.htm,https://www.sec.gov/Archives/edgar/data/37785/000119312526279416/d123428d8k.htm
YSACU,0001823587,2026-06-23 00:00:00,2026-06-23 16:01:55,8-K,False,https://www.sec.gov/Archives/edgar/data/1823587/000143774926021430/0001437749-26-021430-index.htm,https://www.sec.gov/Archives/edgar/data/1823587/000143774926021430/ysac20260618_8k.htm
YSAC,0001823587,2026-06-23 00:00:00,2026-06-23 16:01:55,8-K,False,https://www.sec.gov/Archives/edgar/data/1823587/000143774926021430/0001437749-26-021430-index.htm,https://www.sec.gov/Archives/edgar/data/1823587/000143774926021430/ysac20260618_8k.htm
SKYH-WT,0001823587,2026-06-23 00:00:00,2026-06-23 16:01:55,8-K,False,https://www.sec.gov/Archives/edgar/data/1823587/000143774926021430/0001437749-26-021430-index.htm,https://www.sec.gov/Archives/edgar/data/1823587/000143774926021430/ysac20260618_8k.htm
SKYH,0001823587,2026-06-23 00:00:00,2026-06-23 16:01:55,8-K,False,https://www.sec.gov/Archives/edgar/data/1823587/000143774926021430/0001437749-26-021430-index.htm,https://www.sec.gov/Archives/edgar/data/1823587/000143774926021430/ysac20260618_8k.htm
JACK,0000807882,2026-06-23 00:00:00,2026-06-23 16:01:50,8-K,False,https://www.sec.gov/Archives/edgar/data/807882/000080788226000079/0000807882-26-000079-index.htm,https://www.sec.gov/Archives/edgar/data/807882/000080788226000079/jack-20260623.htm
FISV,0000798354,2026-06-23 00:00:00,2026-06-23 16:01:27,8-K,False,https://www.sec.gov/Archives/edgar/data/798354/000119312526279413/0001193125-26-279413-index.htm,https://www.sec.gov/Archives/edgar/data/798354/000119312526279413/d38671d8k.htm
FI,0000798354,2026-06-23 00:00:00,2026-06-23 16:01:27,8-K,False,https://www.sec.gov/Archives/edgar/data/798354/000119312526279413/0001193125-26-279413-index.htm,https://www.sec.gov/Archives/edgar/data/798354/000119312526279413/d38671d8k.htm
PRAA,0001185348,2026-06-23 00:00:00,2026-06-23 16:01:22,8-K,False,https://www.sec.gov/Archives/edgar/data/1185348/000118534826000023/0001185348-26-000023-index.htm,https://www.sec.gov/Archives/edgar/data/1185348/000118534826000023/praa-20260616.htm
SMSI,0000948708,2026-06-23 00:00:00,2026-06-23 16:00:51,8-K,False,https://www.sec.gov/Archives/edgar/data/948708/000143774926021428/0001437749-26-021428-index.htm,https://www.sec.gov/Archives/edgar/data/948708/000143774926021428/smsi20260623_8k.htm
SPAI,0002011208,2026-06-23 00:00:00,2026-06-23 16:00:30,8-K,False,https://www.sec.gov/Archives/edgar/data/2011208/000149315226029775/0001493152-26-029775-index.htm,https://www.sec.gov/Archives/edgar/data/2011208/000149315226029775/form8-k.htm
FFIV,0001048695,2026-06-23 00:00:00,2026-06-23 16:00:22,8-K,False,https://www.sec.gov/Archives/edgar/data/1048695/000104869526000059/0001048695-26-000059-index.htm,https://www.sec.gov/Archives/edgar/data/1048695/000104869526000059/ffiv-20260617.htm
None,0001890107,2026-06-23 00:00:00,2026-06-23 16:00:16,8-K,False,https://www.sec.gov/Archives/edgar/data/1890107/000119312526279407/0001193125-26-279407-index.htm,https://www.sec.gov/Archives/edgar/data/1890107/000119312526279407/ck0001890107-20260617.htm
WSBF,0001569994,2026-06-23 00:00:00,2026-06-23 16:00:15,8-K,False,https://www.sec.gov/Archives/edgar/data/1569994/000143774926021427/0001437749-26-021427-index.htm,https://www.sec.gov/Archives/edgar/data/1569994/000143774926021427/wsbf20260617_8k.htm
BYFC,0001001171,2026-06-23 00:00:00,2026-06-23 15:58:21,8-K,False,https://www.sec.gov/Archives/edgar/data/1001171/000114036126026086/0001140361-26-026086-index.htm,https://www.sec.gov/Archives/edgar/data/1001171/000114036126026086/ef20076658_8k.htm
WORX,0001674227,2026-06-23 00:00:00,2026-06-23 15:43:02,8-K,False,https://www.sec.gov/Archives/edgar/data/1674227/000121390026071062/0001213900-26-071062-index.htm,https://www.sec.gov/Archives/edgar/data/1674227/000121390026071062/ea0295639-8k_scworx.htm
CDZIP,0000727273,2026-06-23 00:00:00,2026-06-23 15:42:41,8-K,False,https://www.sec.gov/Archives/edgar/data/727273/000143774926021420/0001437749-26-021420-index.htm,https://www.sec.gov/Archives/edgar/data/727273/000143774926021420/cdzi20260623_8k.htm
CDZI,0000727273,2026-06-23 00:00:00,2026-06-23 15:42:41,8-K,False,https://www.sec.gov/Archives/edgar/data/727273/000143774926021420/0001437749-26-021420-index.htm,https://www.sec.gov/Archives/edgar/data/727273/000143774926021420/cdzi20260623_8k.htm
ASNB,0001011060,2026-06-23 00:00:00,2026-06-23 15:40:55,8-K,False,https://www.sec.gov/Archives/edgar/data/1011060/000149315226029772/0001493152-26-029772-index.htm,https://www.sec.gov/Archives/edgar/data/1011060/000149315226029772/form8-k.htm
NORD,0001011060,2026-06-23 00:00:00,2026-06-23 15:40:55,8-K,False,https://www.sec.gov/Archives/edgar/data/1011060/000149315226029772/0001493152-26-029772-index.htm,https://www.sec.gov/Archives/edgar/data/1011060/000149315226029772/form8-k.htm
None,0001919369,2026-06-23 00:00:00,2026-06-23 15:27:39,8-K,False,https://www.sec.gov/Archives/edgar/data/1919369/000119312526279304/0001193125-26-279304-index.htm,https://www.sec.gov/Archives/edgar/data/1919369/000119312526279304/ck0001919369-20260622.htm
MGEE,0001161728,2026-06-23 00:00:00,2026-06-23 15:26:01,8-K,False,https://www.sec.gov/Archives/edgar/data/1161728/000119312526279300/0001193125-26-279300-index.htm,https://www.sec.gov/Archives/edgar/data/61339/000119312526279300/mgee-20260619.htm
None,0000061339,2026-06-23 00:00:00,2026-06-23 15:26:01,8-K,False,https://www.sec.gov/Archives/edgar/data/61339/000119312526279300/0001193125-26-279300-index.htm,https://www.sec.gov/Archives/edgar/data/61339/000119312526279300/mgee-20260619.htm
INUV,0000829323,2026-06-23 00:00:00,2026-06-23 15:19:59,8-K,False,https://www.sec.gov/Archives/edgar/data/829323/000165495426006141/0001654954-26-006141-index.htm,https://www.sec.gov/Archives/edgar/data/829323/000165495426006141/inuvo_8k.htm
VICR,0000751978,2026-06-23 00:00:00,2026-06-23 15:07:54,8-K,False,https://www.sec.gov/Archives/edgar/data/751978/000119312526279247/0001193125-26-279247-index.htm,https://www.sec.gov/Archives/edgar/data/751978/000119312526279247/d107799d8k.htm
None,0001329842,2026-06-23 00:00:00,2026-06-23 14:37:40,8-K,False,https://www.sec.gov/Archives/edgar/data/1329842/000165495426006136/0001654954-26-006136-index.htm,https://www.sec.gov/Archives/edgar/data/1329842/000165495426006136/fhlbny_8k.htm
None,0002136440,2026-06-23 00:00:00,2026-06-23 14:09:24,8-K,False,https://www.sec.gov/Archives/edgar/data/2136440/000153949726001844/0001539497-26-001844-index.htm,https://www.sec.gov/Archives/edgar/data/2136440/000153949726001844/n5926_x20-8k.htm
AESE,0001708341,2026-06-23 00:00:00,2026-06-23 13:38:48,8-K,False,https://www.sec.gov/Archives/edgar/data/1708341/000121390026070988/0001213900-26-070988-index.htm,https://www.sec.gov/Archives/edgar/data/1708341/000121390026070988/ea0295505-8k_allin.htm
AGAE,0001708341,2026-06-23 00:00:00,2026-06-23 13:38:48,8-K,False,https://www.sec.gov/Archives/edgar/data/1708341/000121390026070988/0001213900-26-070988-index.htm,https://www.sec.gov/Archives/edgar/data/1708341/000121390026070988/ea0295505-8k_allin.htm
AGAEW,0001708341,2026-06-23 00:00:00,2026-06-23 13:38:48,8-K,False,https://www.sec.gov/Archives/edgar/data/1708341/000121390026070988/0001213900-26-070988-index.htm,https://www.sec.gov/Archives/edgar/data/1708341/000121390026070988/ea0295505-8k_allin.htm
None,0001269371,2026-06-23 00:00:00,2026-06-23 13:28:22,8-K,False,https://www.sec.gov/Archives/edgar/data/1269371/000153949726001838/0001539497-26-001838-index.htm,https://www.sec.gov/Archives/edgar/data/1269371/000153949726001838/n5835_x3-8k.htm
None,0001264157,2026-06-23 00:00:00,2026-06-23 13:27:37,8-K,False,https://www.sec.gov/Archives/edgar/data/1264157/000153949726001837/0001539497-26-001837-index.htm,https://www.sec.gov/Archives/edgar/data/1264157/000153949726001837/n5834_x3-8k.htm
None,0001255604,2026-06-23 00:00:00,2026-06-23 13:27:03,8-K,False,https://www.sec.gov/Archives/edgar/data/1255604/000153949726001836/0001539497-26-001836-index.htm,https://www.sec.gov/Archives/edgar/data/1255604/000153949726001836/n5833_x3-8k.htm
None,0001227090,2026-06-23 00:00:00,2026-06-23 13:26:20,8-K,False,https://www.sec.gov/Archives/edgar/data/1227090/000153949726001835/0001539497-26-001835-index.htm,https://www.sec.gov/Archives/edgar/data/1227090/000153949726001835/n5832_x3-8k.htm
None,0001223444,2026-06-23 00:00:00,2026-06-23 13:25:44,8-K,False,https://www.sec.gov/Archives/edgar/data/1223444/000153949726001834/0001539497-26-001834-index.htm,https://www.sec.gov/Archives/edgar/data/1223444/000153949726001834/n5831_x3-8k.htm
None,0001331463,2026-06-23 00:00:00,2026-06-23 13:07:26,8-K,False,https://www.sec.gov/Archives/edgar/data/1331463/000133146326000118/0001331463-26-000118-index.htm,https://www.sec.gov/Archives/edgar/data/1331463/000133146326000118/fhlbbost-20260617.htm
NVACW,0001859807,2026-06-23 00:00:00,2026-06-23 13:00:24,8-K,False,https://www.sec.gov/Archives/edgar/data/1859807/000121390026070970/0001213900-26-070970-index.htm,https://www.sec.gov/Archives/edgar/data/1859807/000121390026070970/ea0295656-8k_profusa.htm
NVAC,0001859807,2026-06-23 00:00:00,2026-06-23 13:00:24,8-K,False,https://www.sec.gov/Archives/edgar/data/1859807/000121390026070970/0001213900-26-070970-index.htm,https://www.sec.gov/Archives/edgar/data/1859807/000121390026070970/ea0295656-8k_profusa.htm
NVACR,0001859807,2026-06-23 00:00:00,2026-06-23 13:00:24,8-K,False,https://www.sec.gov/Archives/edgar/data/1859807/000121390026070970/0001213900-26-070970-index.htm,https://www.sec.gov/Archives/edgar/data/1859807/000121390026070970/ea0295656-8k_profusa.htm
None,0001331465,2026-06-23 00:00:00,2026-06-23 12:51:31,8-K,False,https://www.sec.gov/Archives/edgar/data/1331465/000133146526000115/0001331465-26-000115-index.htm,https://www.sec.gov/Archives/edgar/data/1331465/000133146526000115/fhlba-20260617.htm
None,0001692951,2026-06-23 00:00:00,2026-06-23 12:50:10,8-K,False,https://www.sec.gov/Archives/edgar/data/1692951/000169295126000115/0001692951-26-000115-index.htm,https://www.sec.gov/Archives/edgar/data/1692951/000169295126000115/cci-20260617.htm
None,0001331451,2026-06-23 00:00:00,2026-06-23 11:31:06,8-K,False,https://www.sec.gov/Archives/edgar/data/1331451/000133145126000111/0001331451-26-000111-index.htm,https://www.sec.gov/Archives/edgar/data/1331451/000133145126000111/fhlbc-20260617.htm
None,0001325814,2026-06-23 00:00:00,2026-06-23 11:14:00,8-K,False,https://www.sec.gov/Archives/edgar/data/1325814/000132581426000096/0001325814-26-000096-index.htm,https://www.sec.gov/Archives/edgar/data/1325814/000132581426000096/fhlbdm-20260617.htm
None,0001129987,2026-06-23 00:00:00,2026-06-23 11:04:06,8-K,False,https://www.sec.gov/Archives/edgar/data/1129987/000110465926076704/0001104659-26-076704-index.htm,https://www.sec.gov/Archives/edgar/data/1129987/000110465926076704/tm2617048d10_8k.htm
None,0002137917,2026-06-23 00:00:00,2026-06-23 11:04:06,8-K,False,https://www.sec.gov/Archives/edgar/data/2137917/000110465926076704/0001104659-26-076704-index.htm,https://www.sec.gov/Archives/edgar/data/1129987/000110465926076704/tm2617048d10_8k.htm
None,0001331754,2026-06-23 00:00:00,2026-06-23 10:56:39,8-K,False,https://www.sec.gov/Archives/edgar/data/1331754/000133175426000131/0001331754-26-000131-index.htm,https://www.sec.gov/Archives/edgar/data/1331754/000133175426000131/fhlbi-20260617.htm
None,0001325878,2026-06-23 00:00:00,2026-06-23 10:43:31,8-K,False,https://www.sec.gov/Archives/edgar/data/1325878/000132587826000125/0001325878-26-000125-index.htm,https://www.sec.gov/Archives/edgar/data/1325878/000132587826000125/fhlbt-20260617.htm
None,0001330399,2026-06-23 00:00:00,2026-06-23 10:39:51,8-K,False,https://www.sec.gov/Archives/edgar/data/1330399/000133039926000069/0001330399-26-000069-index.htm,https://www.sec.gov/Archives/edgar/data/1330399/000133039926000069/ck0001330399-20260617.htm
ACOG,0001655923,2026-06-23 00:00:00,2026-06-23 10:35:27,8-K,False,https://www.sec.gov/Archives/edgar/data/1655923/000121390026070903/0001213900-26-070903-index.htm,https://www.sec.gov/Archives/edgar/data/1655923/000121390026070903/ea0295376-8k_alpha.htm
None,0001713407,2026-06-23 00:00:00,2026-06-23 10:34:34,8-K,False,https://www.sec.gov/Archives/edgar/data/1713407/000171340726000067/0001713407-26-000067-index.htm,https://www.sec.gov/Archives/edgar/data/1713407/000171340726000067/bra-20260618.htm
FZRO,0001106861,2026-06-23 00:00:00,2026-06-23 10:34:22,8-K,False,https://www.sec.gov/Archives/edgar/data/1106861/000121465926007617/0001214659-26-007617-index.htm,https://www.sec.gov/Archives/edgar/data/1106861/000121465926007617/w6232618k.htm
CSDX,0001106861,2026-06-23 00:00:00,2026-06-23 10:34:22,8-K,False,https://www.sec.gov/Archives/edgar/data/1106861/000121465926007617/0001214659-26-007617-index.htm,https://www.sec.gov/Archives/edgar/data/1106861/000121465926007617/w6232618k.htm
BFC,0001746109,2026-06-23 00:00:00,2026-06-23 10:27:35,8-K,False,https://www.sec.gov/Archives/edgar/data/1746109/000110465926076688/0001104659-26-076688-index.htm,https://www.sec.gov/Archives/edgar/data/1746109/000110465926076688/tm2618556d1_8k.htm
None,0001950803,2026-06-23 00:00:00,2026-06-23 10:20:21,8-K,False,https://www.sec.gov/Archives/edgar/data/1950803/000119312526278654/0001193125-26-278654-index.htm,https://www.sec.gov/Archives/edgar/data/1950803/000119312526278654/d139920d8k.htm
TDAC,0001926599,2026-06-23 00:00:00,2026-06-23 10:18:49,8-K,False,https://www.sec.gov/Archives/edgar/data/1926599/000110465926076684/0001104659-26-076684-index.htm,https://www.sec.gov/Archives/edgar/data/1926599/000110465926076684/tm2618552d1_8k.htm
TDACU,0001926599,2026-06-23 00:00:00,2026-06-23 10:18:49,8-K,False,https://www.sec.gov/Archives/edgar/data/1926599/000110465926076684/0001104659-26-076684-index.htm,https://www.sec.gov/Archives/edgar/data/1926599/000110465926076684/tm2618552d1_8k.htm
AGEN,0001098972,2026-06-23 00:00:00,2026-06-23 10:14:09,8-K,False,https://www.sec.gov/Archives/edgar/data/1098972/000119312526278647/0001193125-26-278647-index.htm,https://www.sec.gov/Archives/edgar/data/1098972/000119312526278647/agen-20260616.htm
INKT,0001840229,2026-06-23 00:00:00,2026-06-23 10:09:39,8-K,False,https://www.sec.gov/Archives/edgar/data/1840229/000119312526278642/0001193125-26-278642-index.htm,https://www.sec.gov/Archives/edgar/data/1840229/000119312526278642/inkt-20260617.htm
None,0001326771,2026-06-23 00:00:00,2026-06-23 10:08:49,8-K,False,https://www.sec.gov/Archives/edgar/data/1326771/000132677126000103/0001326771-26-000103-index.htm,https://www.sec.gov/Archives/edgar/data/1326771/000132677126000103/fhlbcin-20260618.htm
None,0001331757,2026-06-23 00:00:00,2026-06-23 09:36:09,8-K,False,https://www.sec.gov/Archives/edgar/data/1331757/000133175726000114/0001331757-26-000114-index.htm,https://www.sec.gov/Archives/edgar/data/1331757/000133175726000114/fhlbd-20260617.htm
GPOX,0001673475,2026-06-23 00:00:00,2026-06-23 09:34:11,8-K,False,https://www.sec.gov/Archives/edgar/data/1673475/000164033426001116/0001640334-26-001116-index.htm,https://www.sec.gov/Archives/edgar/data/1673475/000164033426001116/gpox_8k.htm
LCII,0000763744,2026-06-23 00:00:00,2026-06-23 09:25:56,8-K,False,https://www.sec.gov/Archives/edgar/data/763744/000076374426000038/0000763744-26-000038-index.htm,https://www.sec.gov/Archives/edgar/data/763744/000076374426000038/lcii-20260619.htm
CCL,0000815097,2026-06-23 00:00:00,2026-06-23 09:16:37,8-K,True,https://www.sec.gov/Archives/edgar/data/815097/000081509726000086/0000815097-26-000086-index.htm,https://www.sec.gov/Archives/edgar/data/815097/000081509726000086/a20262qearningsrelease8-k.htm
KRP,0001657788,2026-06-23 00:00:00,2026-06-23 09:15:46,8-K,False,https://www.sec.gov/Archives/edgar/data/1657788/000110465926076665/0001104659-26-076665-index.htm,https://www.sec.gov/Archives/edgar/data/1657788/000110465926076665/tm2618509d1_8k.htm
ILMN,0001110803,2026-06-23 00:00:00,2026-06-23 09:08:49,8-K,False,https://www.sec.gov/Archives/edgar/data/1110803/000111080326000138/0001110803-26-000138-index.htm,https://www.sec.gov/Archives/edgar/data/1110803/000111080326000138/ilmn-20260616.htm
CABO,0001632127,2026-06-23 00:00:00,2026-06-23 09:06:10,8-K,False,https://www.sec.gov/Archives/edgar/data/1632127/000095015726000738/0000950157-26-000738-index.htm,https://www.sec.gov/Archives/edgar/data/1632127/000095015726000738/form8k.htm
PSAC,0001805521,2026-06-23 00:00:00,2026-06-23 09:05:41,8-K,False,https://www.sec.gov/Archives/edgar/data/1805521/000121390026070874/0001213900-26-070874-index.htm,https://www.sec.gov/Archives/edgar/data/1805521/000121390026070874/ea0295527-8k_faraday.htm
PSACU,0001805521,2026-06-23 00:00:00,2026-06-23 09:05:41,8-K,False,https://www.sec.gov/Archives/edgar/data/1805521/000121390026070874/0001213900-26-070874-index.htm,https://www.sec.gov/Archives/edgar/data/1805521/000121390026070874/ea0295527-8k_faraday.htm
FFIE,0001805521,2026-06-23 00:00:00,2026-06-23 09:05:41,8-K,False,https://www.sec.gov/Archives/edgar/data/1805521/000121390026070874/0001213900-26-070874-index.htm,https://www.sec.gov/Archives/edgar/data/1805521/000121390026070874/ea0295527-8k_faraday.htm
FFIEW,0001805521,2026-06-23 00:00:00,2026-06-23 09:05:41,8-K,False,https://www.sec.gov/Archives/edgar/data/1805521/000121390026070874/0001213900-26-070874-index.htm,https://www.sec.gov/Archives/edgar/data/1805521/000121390026070874/ea0295527-8k_faraday.htm
CLNE,0001368265,2026-06-23 00:00:00,2026-06-23 09:00:36,8-K,False,https://www.sec.gov/Archives/edgar/data/1368265/000110465926076660/0001104659-26-076660-index.htm,https://www.sec.gov/Archives/edgar/data/1368265/000110465926076660/tm2618401d1_8k.htm
CPSI,0001169445,2026-06-23 00:00:00,2026-06-23 09:00:06,8-K,False,https://www.sec.gov/Archives/edgar/data/1169445/000119312526278592/0001193125-26-278592-index.htm,https://www.sec.gov/Archives/edgar/data/1169445/000119312526278592/d113709d8k.htm
TBRG,0001169445,2026-06-23 00:00:00,2026-06-23 09:00:06,8-K,False,https://www.sec.gov/Archives/edgar/data/1169445/000119312526278592/0001193125-26-278592-index.htm,https://www.sec.gov/Archives/edgar/data/1169445/000119312526278592/d113709d8k.htm
QUBT,0001758009,2026-06-23 00:00:00,2026-06-23 08:55:42,8-K,False,https://www.sec.gov/Archives/edgar/data/1758009/000121390026070872/0001213900-26-070872-index.htm,https://www.sec.gov/Archives/edgar/data/1758009/000121390026070872/ea0295466-8k_quantum.htm
AEYE,0001362190,2026-06-23 00:00:00,2026-06-23 08:45:54,8-K,False,https://www.sec.gov/Archives/edgar/data/1362190/000110465926076658/0001104659-26-076658-index.htm,https://www.sec.gov/Archives/edgar/data/1362190/000110465926076658/tm2618492d1_8k.htm
None,0001882782,2026-06-23 00:00:00,2026-06-23 08:45:40,8-K,False,https://www.sec.gov/Archives/edgar/data/1882782/000119312526278581/0001193125-26-278581-index.htm,https://www.sec.gov/Archives/edgar/data/1882782/000119312526278581/odtx-20260623.htm
SGMO,0001001233,2026-06-23 00:00:00,2026-06-23 08:45:37,8-K,False,https://www.sec.gov/Archives/edgar/data/1001233/000119312526278582/0001193125-26-278582-index.htm,https://www.sec.gov/Archives/edgar/data/1001233/000119312526278582/d161847d8k.htm
GWH,0001819438,2026-06-23 00:00:00,2026-06-23 08:36:41,8-K,False,https://www.sec.gov/Archives/edgar/data/1819438/000181943826000053/0001819438-26-000053-index.htm,https://www.sec.gov/Archives/edgar/data/1819438/000181943826000053/wk-20260623.htm
GWH-WT,0001819438,2026-06-23 00:00:00,2026-06-23 08:36:41,8-K,False,https://www.sec.gov/Archives/edgar/data/1819438/000181943826000053/0001819438-26-000053-index.htm,https://www.sec.gov/Archives/edgar/data/1819438/000181943826000053/wk-20260623.htm
STWOU,0001819438,2026-06-23 00:00:00,2026-06-23 08:36:41,8-K,False,https://www.sec.gov/Archives/edgar/data/1819438/000181943826000053/0001819438-26-000053-index.htm,https://www.sec.gov/Archives/edgar/data/1819438/000181943826000053/wk-20260623.htm
STWO,0001819438,2026-06-23 00:00:00,2026-06-23 08:36:41,8-K,False,https://www.sec.gov/Archives/edgar/data/1819438/000181943826000053/0001819438-26-000053-index.htm,https://www.sec.gov/Archives/edgar/data/1819438/000181943826000053/wk-20260623.htm
CMLFU,0001818331,2026-06-23 00:00:00,2026-06-23 08:35:48,8-K,False,https://www.sec.gov/Archives/edgar/data/1818331/000162828026044806/0001628280-26-044806-index.htm,https://www.sec.gov/Archives/edgar/data/1818331/000162828026044806/wgs-20260618.htm
CMLF,0001818331,2026-06-23 00:00:00,2026-06-23 08:35:48,8-K,False,https://www.sec.gov/Archives/edgar/data/1818331/000162828026044806/0001628280-26-044806-index.htm,https://www.sec.gov/Archives/edgar/data/1818331/000162828026044806/wgs-20260618.htm
WGS,0001818331,2026-06-23 00:00:00,2026-06-23 08:35:48,8-K,False,https://www.sec.gov/Archives/edgar/data/1818331/000162828026044806/0001628280-26-044806-index.htm,https://www.sec.gov/Archives/edgar/data/1818331/000162828026044806/wgs-20260618.htm
SMFR,0001818331,2026-06-23 00:00:00,2026-06-23 08:35:48,8-K,False,https://www.sec.gov/Archives/edgar/data/1818331/000162828026044806/0001628280-26-044806-index.htm,https://www.sec.gov/Archives/edgar/data/1818331/000162828026044806/wgs-20260618.htm
SMFRW,0001818331,2026-06-23 00:00:00,2026-06-23 08:35:48,8-K,False,https://www.sec.gov/Archives/edgar/data/1818331/000162828026044806/0001628280-26-044806-index.htm,https://www.sec.gov/Archives/edgar/data/1818331/000162828026044806/wgs-20260618.htm
WGSWW,0001818331,2026-06-23 00:00:00,2026-06-23 08:35:48,8-K,False,https://www.sec.gov/Archives/edgar/data/1818331/000162828026044806/0001628280-26-044806-index.htm,https://www.sec.gov/Archives/edgar/data/1818331/000162828026044806/wgs-20260618.htm
WEN,0000030697,2026-06-23 00:00:00,2026-06-23 08:35:26,8-K,False,https://www.sec.gov/Archives/edgar/data/30697/000119312526278576/0001193125-26-278576-index.htm,https://www.sec.gov/Archives/edgar/data/30697/000119312526278576/d158135d8k.htm
HSCS,0001468492,2026-06-23 00:00:00,2026-06-23 08:33:32,8-K,True,https://www.sec.gov/Archives/edgar/data/1468492/000121390026070862/0001213900-26-070862-index.htm,https://www.sec.gov/Archives/edgar/data/1468492/000121390026070862/ea029545301ex99-3.htm
HSCSW,0001468492,2026-06-23 00:00:00,2026-06-23 08:33:32,8-K,True,https://www.sec.gov/Archives/edgar/data/1468492/000121390026070862/0001213900-26-070862-index.htm,https://www.sec.gov/Archives/edgar/data/1468492/000121390026070862/ea029545301ex99-3.htm
MYGN,0000899923,2026-06-23 00:00:00,2026-06-23 08:32:15,8-K,False,https://www.sec.gov/Archives/edgar/data/899923/000089992326000062/0000899923-26-000062-index.htm,https://www.sec.gov/Archives/edgar/data/899923/000089992326000062/mygn-20260617.htm
MBOT,0000883975,2026-06-23 00:00:00,2026-06-23 08:30:46,8-K,False,https://www.sec.gov/Archives/edgar/data/883975/000149315226029709/0001493152-26-029709-index.htm,https://www.sec.gov/Archives/edgar/data/883975/000149315226029709/form8-k.htm
FLAG-WT,0001855485,2026-06-23 00:00:00,2026-06-23 08:30:46,8-K,False,https://www.sec.gov/Archives/edgar/data/1855485/000149315226029710/0001493152-26-029710-index.htm,https://www.sec.gov/Archives/edgar/data/1855485/000149315226029710/form8-k.htm
FLAG-UN,0001855485,2026-06-23 00:00:00,2026-06-23 08:30:46,8-K,False,https://www.sec.gov/Archives/edgar/data/1855485/000149315226029710/0001493152-26-029710-index.htm,https://www.sec.gov/Archives/edgar/data/1855485/000149315226029710/form8-k.htm
CLDI,0001855485,2026-06-23 00:00:00,2026-06-23 08:30:46,8-K,False,https://www.sec.gov/Archives/edgar/data/1855485/000149315226029710/0001493152-26-029710-index.htm,https://www.sec.gov/Archives/edgar/data/1855485/000149315226029710/form8-k.htm
FLAG,0001855485,2026-06-23 00:00:00,2026-06-23 08:30:46,8-K,False,https://www.sec.gov/Archives/edgar/data/1855485/000149315226029710/0001493152-26-029710-index.htm,https://www.sec.gov/Archives/edgar/data/1855485/000149315226029710/form8-k.htm
CCRN,0001141103,2026-06-23 00:00:00,2026-06-23 08:30:25,8-K,False,https://www.sec.gov/Archives/edgar/data/1141103/000095010326009315/0000950103-26-009315-index.htm,https://www.sec.gov/Archives/edgar/data/1141103/000095010326009315/dp248764_8k.htm
BOLD,0001782303,2026-06-23 00:00:00,2026-06-23 08:30:21,8-K,False,https://www.sec.gov/Archives/edgar/data/1782303/000119312526278570/0001193125-26-278570-index.htm,https://www.sec.gov/Archives/edgar/data/1782303/000119312526278570/d159021d8k.htm
BLZE,0001462056,2026-06-23 00:00:00,2026-06-23 08:28:16,8-K,False,https://www.sec.gov/Archives/edgar/data/1462056/000162828026044804/0001628280-26-044804-index.htm,https://www.sec.gov/Archives/edgar/data/1462056/000162828026044804/blze-20260616.htm
LMFA,0001640384,2026-06-23 00:00:00,2026-06-23 08:17:16,8-K,False,https://www.sec.gov/Archives/edgar/data/1640384/000119312526278557/0001193125-26-278557-index.htm,https://www.sec.gov/Archives/edgar/data/1640384/000119312526278557/lmfa-20260623.htm
EROK,0002104882,2026-06-23 00:00:00,2026-06-23 08:16:15,8-K,False,https://www.sec.gov/Archives/edgar/data/2104882/000119312526278555/0001193125-26-278555-index.htm,https://www.sec.gov/Archives/edgar/data/2104882/000119312526278555/d133416d8k.htm
RMR,0001644378,2026-06-23 00:00:00,2026-06-23 08:11:43,8-K,False,https://www.sec.gov/Archives/edgar/data/1644378/000110465926076654/0001104659-26-076654-index.htm,https://www.sec.gov/Archives/edgar/data/1644378/000110465926076654/tm2618460d1_8k.htm
OPI,0001456772,2026-06-23 00:00:00,2026-06-23 08:06:12,8-K,True,https://www.sec.gov/Archives/edgar/data/1456772/000110465926076652/0001104659-26-076652-index.htm,https://www.sec.gov/Archives/edgar/data/1456772/000110465926076652/tm2618043d2_ex4-1.htm
OPINL,0001456772,2026-06-23 00:00:00,2026-06-23 08:06:12,8-K,True,https://www.sec.gov/Archives/edgar/data/1456772/000110465926076652/0001104659-26-076652-index.htm,https://www.sec.gov/Archives/edgar/data/1456772/000110465926076652/tm2618043d2_ex4-1.htm
OPITS,0001456772,2026-06-23 00:00:00,2026-06-23 08:06:12,8-K,True,https://www.sec.gov/Archives/edgar/data/1456772/000110465926076652/0001104659-26-076652-index.htm,https://www.sec.gov/Archives/edgar/data/1456772/000110465926076652/tm2618043d2_ex4-1.htm
COUR,0001651562,2026-06-23 00:00:00,2026-06-23 08:02:37,8-K,True,https://www.sec.gov/Archives/edgar/data/1651562/000165156226000051/0001651562-26-000051-index.htm,https://www.sec.gov/Archives/edgar/data/1651562/000165156226000051/presentation_supplementa.htm
KDP,0001418135,2026-06-23 00:00:00,2026-06-23 08:01:58,8-K,False,https://www.sec.gov/Archives/edgar/data/1418135/000095014226001848/0000950142-26-001848-index.htm,https://www.sec.gov/Archives/edgar/data/1418135/000095014226001848/eh260797101_8k.htm
IMO,0000049938,2026-06-23 00:00:00,2026-06-23 08:00:59,8-K,False,https://www.sec.gov/Archives/edgar/data/49938/000004993826000029/0000049938-26-000029-index.htm,https://www.sec.gov/Archives/edgar/data/49938/000004993826000029/imo-20260623.htm
MNPR,0001645469,2026-06-23 00:00:00,2026-06-23 08:00:40,8-K,False,https://www.sec.gov/Archives/edgar/data/1645469/000143774926021350/0001437749-26-021350-index.htm,https://www.sec.gov/Archives/edgar/data/1645469/000143774926021350/mnpr20260622_8k.htm
ASPI,0001921865,2026-06-23 00:00:00,2026-06-23 08:00:37,8-K,False,https://www.sec.gov/Archives/edgar/data/1921865/000147793226003952/0001477932-26-003952-index.htm,https://www.sec.gov/Archives/edgar/data/1921865/000147793226003952/aspi_8k.htm
NVAX,0001000694,2026-06-23 00:00:00,2026-06-23 08:00:37,8-K,False,https://www.sec.gov/Archives/edgar/data/1000694/000110465926076648/0001104659-26-076648-index.htm,https://www.sec.gov/Archives/edgar/data/1000694/000110465926076648/tm2618472d1_8k.htm
None,0002070542,2026-06-23 00:00:00,2026-06-23 08:00:23,8-K,False,https://www.sec.gov/Archives/edgar/data/2070542/000121390026070853/0001213900-26-070853-index.htm,https://www.sec.gov/Archives/edgar/data/2070542/000121390026070853/ea0295604-8k_blockchain.htm
NNUP,0000888981,2026-06-23 00:00:00,2026-06-23 08:00:16,8-K,False,https://www.sec.gov/Archives/edgar/data/888981/000107997326000859/0001079973-26-000859-index.htm,https://www.sec.gov/Archives/edgar/data/888981/000107997326000859/nnup_8k.htm
NNUPD,0000888981,2026-06-23 00:00:00,2026-06-23 08:00:16,8-K,False,https://www.sec.gov/Archives/edgar/data/888981/000107997326000859/0001079973-26-000859-index.htm,https://www.sec.gov/Archives/edgar/data/888981/000107997326000859/nnup_8k.htm
PHAT,0001783183,2026-06-23 00:00:00,2026-06-23 08:00:06,8-K,False,https://www.sec.gov/Archives/edgar/data/1783183/000119312526278533/0001193125-26-278533-index.htm,https://www.sec.gov/Archives/edgar/data/1783183/000119312526278533/d166684d8k.htm
GALT,0001133416,2026-06-23 00:00:00,2026-06-23 07:51:12,8-K,False,https://www.sec.gov/Archives/edgar/data/1133416/000114036126026031/0001140361-26-026031-index.htm,https://www.sec.gov/Archives/edgar/data/1133416/000114036126026031/ef20076593_8k.htm
None,0001803498,2026-06-23 00:00:00,2026-06-23 07:50:35,8-K,False,https://www.sec.gov/Archives/edgar/data/1803498/000180349826000036/0001803498-26-000036-index.htm,https://www.sec.gov/Archives/edgar/data/1803498/000180349826000036/bcred-20260622.htm
DFLIW,0001847986,2026-06-23 00:00:00,2026-06-23 07:45:41,8-K,False,https://www.sec.gov/Archives/edgar/data/1847986/000149315226029705/0001493152-26-029705-index.htm,https://www.sec.gov/Archives/edgar/data/1847986/000149315226029705/form8-k.htm
DFLI,0001847986,2026-06-23 00:00:00,2026-06-23 07:45:41,8-K,False,https://www.sec.gov/Archives/edgar/data/1847986/000149315226029705/0001493152-26-029705-index.htm,https://www.sec.gov/Archives/edgar/data/1847986/000149315226029705/form8-k.htm
CNTQW,0001847986,2026-06-23 00:00:00,2026-06-23 07:45:41,8-K,False,https://www.sec.gov/Archives/edgar/data/1847986/000149315226029705/0001493152-26-029705-index.htm,https://www.sec.gov/Archives/edgar/data/1847986/000149315226029705/form8-k.htm
CNTQU,0001847986,2026-06-23 00:00:00,2026-06-23 07:45:41,8-K,False,https://www.sec.gov/Archives/edgar/data/1847986/000149315226029705/0001493152-26-029705-index.htm,https://www.sec.gov/Archives/edgar/data/1847986/000149315226029705/form8-k.htm
CNTQ,0001847986,2026-06-23 00:00:00,2026-06-23 07:45:41,8-K,False,https://www.sec.gov/Archives/edgar/data/1847986/000149315226029705/0001493152-26-029705-index.htm,https://www.sec.gov/Archives/edgar/data/1847986/000149315226029705/form8-k.htm
AMC,0001411579,2026-06-23 00:00:00,2026-06-23 07:37:24,8-K,False,https://www.sec.gov/Archives/edgar/data/1411579/000110465926076642/0001104659-26-076642-index.htm,https://www.sec.gov/Archives/edgar/data/1411579/000110465926076642/tm2618471d1_8k.htm
APE,0001411579,2026-06-23 00:00:00,2026-06-23 07:37:24,8-K,False,https://www.sec.gov/Archives/edgar/data/1411579/000110465926076642/0001104659-26-076642-index.htm,https://www.sec.gov/Archives/edgar/data/1411579/000110465926076642/tm2618471d1_8k.htm
DLTR,0000935703,2026-06-23 00:00:00,2026-06-23 07:37:21,8-K,False,https://www.sec.gov/Archives/edgar/data/935703/000093570326000071/0000935703-26-000071-index.htm,https://www.sec.gov/Archives/edgar/data/935703/000093570326000071/dltr-20260616.htm
AR,0001433270,2026-06-23 00:00:00,2026-06-23 07:36:22,8-K,False,https://www.sec.gov/Archives/edgar/data/1433270/000110465926076641/0001104659-26-076641-index.htm,https://www.sec.gov/Archives/edgar/data/1433270/000110465926076641/tm2618449d1_8k.htm
FMC,0000037785,2026-06-23 00:00:00,2026-06-23 07:36:05,8-K,False,https://www.sec.gov/Archives/edgar/data/37785/000003778526000114/0000037785-26-000114-index.htm,https://www.sec.gov/Archives/edgar/data/37785/000003778526000114/fmc-20260618.htm
SHO-PH,0001295810,2026-06-23 00:00:00,2026-06-23 07:35:39,8-K,False,https://www.sec.gov/Archives/edgar/data/1295810/000110465926076640/0001104659-26-076640-index.htm,https://www.sec.gov/Archives/edgar/data/1295810/000110465926076640/sho-20260623x8k.htm
SHO-PI,0001295810,2026-06-23 00:00:00,2026-06-23 07:35:39,8-K,False,https://www.sec.gov/Archives/edgar/data/1295810/000110465926076640/0001104659-26-076640-index.htm,https://www.sec.gov/Archives/edgar/data/1295810/000110465926076640/sho-20260623x8k.htm
SHO,0001295810,2026-06-23 00:00:00,2026-06-23 07:35:39,8-K,False,https://www.sec.gov/Archives/edgar/data/1295810/000110465926076640/0001104659-26-076640-index.htm,https://www.sec.gov/Archives/edgar/data/1295810/000110465926076640/sho-20260623x8k.htm
ATH-PE,0001527469,2026-06-23 00:00:00,2026-06-23 07:32:23,8-K,False,https://www.sec.gov/Archives/edgar/data/1527469/000152746926000037/0001527469-26-000037-index.htm,https://www.sec.gov/Archives/edgar/data/1527469/000152746926000037/ahl-20260623.htm
ATHS,0001527469,2026-06-23 00:00:00,2026-06-23 07:32:23,8-K,False,https://www.sec.gov/Archives/edgar/data/1527469/000152746926000037/0001527469-26-000037-index.htm,https://www.sec.gov/Archives/edgar/data/1527469/000152746926000037/ahl-20260623.htm
ATHLL,0001527469,2026-06-23 00:00:00,2026-06-23 07:32:23,8-K,False,https://www.sec.gov/Archives/edgar/data/1527469/000152746926000037/0001527469-26-000037-index.htm,https://www.sec.gov/Archives/edgar/data/1527469/000152746926000037/ahl-20260623.htm
ATH-PD,0001527469,2026-06-23 00:00:00,2026-06-23 07:32:23,8-K,False,https://www.sec.gov/Archives/edgar/data/1527469/000152746926000037/0001527469-26-000037-index.htm,https://www.sec.gov/Archives/edgar/data/1527469/000152746926000037/ahl-20260623.htm
ATH-PC,0001527469,2026-06-23 00:00:00,2026-06-23 07:32:23,8-K,False,https://www.sec.gov/Archives/edgar/data/1527469/000152746926000037/0001527469-26-000037-index.htm,https://www.sec.gov/Archives/edgar/data/1527469/000152746926000037/ahl-20260623.htm
ATH-PB,0001527469,2026-06-23 00:00:00,2026-06-23 07:32:23,8-K,False,https://www.sec.gov/Archives/edgar/data/1527469/000152746926000037/0001527469-26-000037-index.htm,https://www.sec.gov/Archives/edgar/data/1527469/000152746926000037/ahl-20260623.htm
ATH,0001527469,2026-06-23 00:00:00,2026-06-23 07:32:23,8-K,False,https://www.sec.gov/Archives/edgar/data/1527469/000152746926000037/0001527469-26-000037-index.htm,https://www.sec.gov/Archives/edgar/data/1527469/000152746926000037/ahl-20260623.htm
ATH-PA,0001527469,2026-06-23 00:00:00,2026-06-23 07:32:23,8-K,False,https://www.sec.gov/Archives/edgar/data/1527469/000152746926000037/0001527469-26-000037-index.htm,https://www.sec.gov/Archives/edgar/data/1527469/000152746926000037/ahl-20260623.htm
KFY,0000056679,2026-06-23 00:00:00,2026-06-23 07:17:51,8-K,True,https://www.sec.gov/Archives/edgar/data/56679/000005667926000017/0000056679-26-000017-index.htm,https://www.sec.gov/Archives/edgar/data/56679/000005667926000017/kfy-20260430xex991q4fy26.htm
ARMP,0000921114,2026-06-23 00:00:00,2026-06-23 07:10:57,8-K,False,https://www.sec.gov/Archives/edgar/data/921114/000110465926076627/0001104659-26-076627-index.htm,https://www.sec.gov/Archives/edgar/data/921114/000110465926076627/tm2618503d1_8k.htm
SUNB,0002083785,2026-06-23 00:00:00,2026-06-23 07:05:47,8-K,True,https://www.sec.gov/Archives/edgar/data/2083785/000162828026044797/0001628280-26-044797-index.htm,https://www.sec.gov/Archives/edgar/data/2083785/000162828026044797/sunbeltpressrelease-fy26q4.htm
ACN,0001467373,2026-06-23 00:00:00,2026-06-23 07:05:28,8-K,False,https://www.sec.gov/Archives/edgar/data/1467373/000146737326000035/0001467373-26-000035-index.htm,https://www.sec.gov/Archives/edgar/data/1467373/000146737326000035/acn-20260623.htm
ELTP,0001053369,2026-06-23 00:00:00,2026-06-23 07:02:37,8-K,False,https://www.sec.gov/Archives/edgar/data/1053369/000149315226029700/0001493152-26-029700-index.htm,https://www.sec.gov/Archives/edgar/data/1053369/000149315226029700/form8-k.htm
AVTX,0001534120,2026-06-23 00:00:00,2026-06-23 07:01:57,8-K,False,https://www.sec.gov/Archives/edgar/data/1534120/000153412026000044/0001534120-26-000044-index.htm,https://www.sec.gov/Archives/edgar/data/1534120/000153412026000044/avtx-20260623.htm
CERC,0001534120,2026-06-23 00:00:00,2026-06-23 07:01:57,8-K,False,https://www.sec.gov/Archives/edgar/data/1534120/000153412026000044/0001534120-26-000044-index.htm,https://www.sec.gov/Archives/edgar/data/1534120/000153412026000044/avtx-20260623.htm
NVCT,0001875558,2026-06-23 00:00:00,2026-06-23 07:00:41,8-K,False,https://www.sec.gov/Archives/edgar/data/1875558/000110465926076624/0001104659-26-076624-index.htm,https://www.sec.gov/Archives/edgar/data/1875558/000110465926076624/tm2618439d1_8k.htm
FCFS,0000840489,2026-06-23 00:00:00,2026-06-23 07:00:27,8-K,False,https://www.sec.gov/Archives/edgar/data/840489/000110465926076623/0001104659-26-076623-index.htm,https://www.sec.gov/Archives/edgar/data/840489/000110465926076623/tm2618455d1_8k.htm
LAC,0001966983,2026-06-23 00:00:00,2026-06-23 07:00:16,8-K,False,https://www.sec.gov/Archives/edgar/data/1966983/000119312526278497/0001193125-26-278497-index.htm,https://www.sec.gov/Archives/edgar/data/1966983/000119312526278497/lac-20260623.htm
PZG,0001629210,2026-06-23 00:00:00,2026-06-23 06:37:43,8-K,False,https://www.sec.gov/Archives/edgar/data/1629210/000119312526278471/0001193125-26-278471-index.htm,https://www.sec.gov/Archives/edgar/data/1629210/000119312526278471/d161084d8k.htm
EURKR,0002000410,2026-06-23 00:00:00,2026-06-23 06:05:56,8-K,False,https://www.sec.gov/Archives/edgar/data/2000410/000121390026070821/0001213900-26-070821-index.htm,https://www.sec.gov/Archives/edgar/data/2000410/000121390026070821/ea0295465-8k425_eureka.htm
EURK,0002000410,2026-06-23 00:00:00,2026-06-23 06:05:56,8-K,False,https://www.sec.gov/Archives/edgar/data/2000410/000121390026070821/0001213900-26-070821-index.htm,https://www.sec.gov/Archives/edgar/data/2000410/000121390026070821/ea0295465-8k425_eureka.htm
EURKU,0002000410,2026-06-23 00:00:00,2026-06-23 06:05:56,8-K,False,https://www.sec.gov/Archives/edgar/data/2000410/000121390026070821/0001213900-26-070821-index.htm,https://www.sec.gov/Archives/edgar/data/2000410/000121390026070821/ea0295465-8k425_eureka.htm
None,0002123613,2026-06-23 00:00:00,2026-06-23 06:05:53,8-K,False,https://www.sec.gov/Archives/edgar/data/2123613/000119312526278429/0001193125-26-278429-index.htm,https://www.sec.gov/Archives/edgar/data/2123613/000119312526278429/d114621d8k.htm
HOOD,0001783879,2026-06-23 00:00:00,2026-06-23 06:04:43,8-K,False,https://www.sec.gov/Archives/edgar/data/1783879/000178387926000074/0001783879-26-000074-index.htm,https://www.sec.gov/Archives/edgar/data/1783879/000178387926000074/hood-20260622.htm
WHLR,0001527541,2026-06-23 00:00:00,2026-06-23 06:01:17,8-K,False,https://www.sec.gov/Archives/edgar/data/1527541/000152754126000187/0001527541-26-000187-index.htm,https://www.sec.gov/Archives/edgar/data/1527541/000152754126000187/whlr-20260619.htm
WHLRW,0001527541,2026-06-23 00:00:00,2026-06-23 06:01:17,8-K,False,https://www.sec.gov/Archives/edgar/data/1527541/000152754126000187/0001527541-26-000187-index.htm,https://www.sec.gov/Archives/edgar/data/1527541/000152754126000187/whlr-20260619.htm
WHLRP,0001527541,2026-06-23 00:00:00,2026-06-23 06:01:17,8-K,False,https://www.sec.gov/Archives/edgar/data/1527541/000152754126000187/0001527541-26-000187-index.htm,https://www.sec.gov/Archives/edgar/data/1527541/000152754126000187/whlr-20260619.htm
WHLRL,0001527541,2026-06-23 00:00:00,2026-06-23 06:01:17,8-K,False,https://www.sec.gov/Archives/edgar/data/1527541/000152754126000187/0001527541-26-000187-index.htm,https://www.sec.gov/Archives/edgar/data/1527541/000152754126000187/whlr-20260619.htm
WHLRD,0001527541,2026-06-23 00:00:00,2026-06-23 06:01:17,8-K,False,https://www.sec.gov/Archives/edgar/data/1527541/000152754126000187/0001527541-26-000187-index.htm,https://www.sec.gov/Archives/edgar/data/1527541/000152754126000187/whlr-20260619.htm
