symbol,anchor date,anchor close,sigma (%),date,open,low,close,ret_itd (%),px dd10,trig dd10,px dd15,trig dd15,px dd20,trig dd20,px dd25,trig dd25,px dd30,trig dd30,px z1.0,trig z1.0,px z1.5,trig z1.5,px z2.0,trig z2.0,px z2.5,trig z2.5
WULF,2026-07-31,17.66,4.88,2026-08-03,17.36,17.12,18.83,6.63,15.89,,15.01,,14.13,,13.24,,12.36,,17.85,True,16.0,,14.35,,12.86,
WULF,2026-07-31,17.66,4.88,2026-08-04,18.95,18.56,18.88,6.91,15.89,,15.01,,14.13,,13.24,,12.36,,16.27,,14.59,,13.08,,11.72,
WULF,2026-07-31,17.66,4.88,2026-08-05,18.5,18.05,18.07,2.32,15.89,,15.01,,14.13,,13.24,,12.36,,18.35,True,16.45,,14.75,,13.22,
WULF,2026-07-31,17.66,4.88,2026-08-06,17.3,17.16,17.61,-0.28,15.89,,15.01,,14.13,,13.24,,12.36,,18.65,True,16.72,,14.99,,13.44,
WULF,2026-07-31,17.66,4.88,2026-08-07,18.52,16.73,17.08,-3.28,15.89,,15.01,,14.13,,13.24,,12.36,,17.66,True,15.83,,14.19,,12.73,
WULF,2026-07-31,17.66,4.88,2026-08-10,17.04,16.01,16.2,-8.27,15.89,,15.01,,14.13,,13.24,,12.36,,16.79,True,15.05,,13.5,,12.1,
WULF,2026-07-31,17.66,4.88,2026-08-11,16.93,16.63,16.75,-5.15,15.89,,15.01,,14.13,,13.24,,12.36,,15.6,,13.99,,12.54,,11.24,
WULF,2026-07-31,17.66,4.88,2026-08-12,18.2,16.86,17.19,-2.66,15.89,,15.01,,14.13,,13.24,,12.36,,15.57,,13.96,,12.51,,11.22,
WULF,2026-07-31,17.66,4.88,2026-08-13,16.94,16.18,16.31,-7.64,15.89,,15.01,,14.13,,13.24,,12.36,,14.45,,12.96,,11.62,,10.41,
WULF,2026-07-31,17.66,4.88,2026-08-14,16.43,16.28,17.38,-1.59,15.89,,15.01,,14.13,,13.24,,12.36,,14.6,,13.09,,11.73,,10.52,
WULF,2026-07-31,17.66,4.88,2026-08-17,17.4,17.25,17.6,-0.34,15.89,,15.01,,14.13,,13.24,,12.36,,15.16,,13.59,,12.18,,10.92,
WULF,2026-07-31,17.66,4.88,2026-08-18,17.1,15.36,15.62,-11.55,15.89,True,15.01,,14.13,,13.24,,12.36,,15.97,True,14.32,,12.84,,11.51,
WULF,2026-07-31,17.66,4.88,2026-08-19,16.06,14.75,15.5,-12.23,15.89,True,15.01,True,14.13,,13.24,,12.36,,15.67,True,14.04,,12.59,,11.29,
WULF,2026-07-31,17.66,4.88,2026-08-20,15.73,15.53,16.45,-6.85,15.89,True,15.01,,14.13,,13.24,,12.36,,16.12,True,14.45,,12.95,,11.61,
WULF,2026-07-31,17.66,4.88,2026-08-21,16.8,15.3,15.64,-11.44,15.89,True,15.01,,14.13,,13.24,,12.36,,14.84,,13.3,,11.93,,10.69,
WULF,2026-07-31,17.66,4.88,2026-08-24,15.84,15.42,15.48,-12.34,15.89,True,15.01,,14.13,,13.24,,12.36,,14.45,,12.96,,11.62,,10.41,
WULF,2026-07-31,17.66,4.88,2026-08-25,15.6,15.54,16.32,-7.59,15.89,True,15.01,,14.13,,13.24,,12.36,,13.74,,12.32,,11.04,,9.9,
WULF,2026-07-31,17.66,4.88,2026-08-26,16.1,15.76,15.97,-9.57,15.89,True,15.01,,14.13,,13.24,,12.36,,12.13,,10.87,,9.75,,8.74,
WULF,2026-07-31,17.66,4.88,2026-08-27,16.49,16.4,16.49,-6.63,15.89,,15.01,,14.13,,13.24,,12.36,,14.32,,12.84,,11.51,,10.32,
WULF,2026-07-31,17.66,4.88,2026-08-28,16.16,15.12,15.35,-13.08,15.89,True,15.01,,14.13,,13.24,,12.36,,14.19,,12.73,,11.41,,10.23,
WULF,2026-07-31,17.66,4.88,2026-08-31,15.25,14.83,15.13,-14.33,15.89,True,15.01,True,14.13,,13.24,,12.36,,15.14,True,13.57,,12.17,,10.91,
WULF,2026-07-31,17.66,4.88,2026-09-01,14.71,14.24,14.65,-17.04,15.89,True,15.01,True,14.13,,13.24,,12.36,,15.18,True,13.61,,12.2,,10.94,
WULF,2026-07-31,17.66,4.88,2026-09-02,14.46,14.27,14.82,-16.08,15.89,True,15.01,True,14.13,,13.24,,12.36,,14.52,True,13.02,,11.67,,10.47,
WULF,2026-07-31,17.66,4.88,2026-09-03,14.74,14.65,16.23,-8.1,15.89,True,15.01,True,14.13,,13.24,,12.36,,14.15,,12.69,,11.38,,10.2,
WULF,2026-07-31,17.66,4.88,2026-09-04,16.08,16.0,16.51,-6.51,15.89,,15.01,,14.13,,13.24,,12.36,,13.73,,12.31,,11.03,,9.89,
WULF,2026-07-31,17.66,4.88,2026-09-08,16.76,16.63,17.86,1.13,15.89,,15.01,,14.13,,13.24,,12.36,,13.02,,11.67,,10.47,,9.38,
WULF,2026-07-31,17.66,4.88,2026-09-09,18.05,16.97,17.13,-3.0,15.89,,15.01,,14.13,,13.24,,12.36,,13.46,,12.07,,10.82,,9.7,
WULF,2026-07-31,17.66,4.88,2026-09-10,16.61,16.11,16.14,-8.61,15.89,,15.01,,14.13,,13.24,,12.36,,13.82,,12.39,,11.11,,9.96,
WULF,2026-07-31,17.66,4.88,2026-09-11,16.3,16.27,16.74,-5.21,15.89,,15.01,,14.13,,13.24,,12.36,,13.11,,11.75,,10.54,,9.45,
WULF,2026-07-31,17.66,4.88,2026-09-14,15.53,15.3,15.47,-12.4,15.89,True,15.01,,14.13,,13.24,,12.36,,13.97,,12.52,,11.23,,10.07,
WULF,2026-07-31,17.66,4.88,2026-09-15,15.37,14.44,14.49,-17.95,15.89,True,15.01,True,14.13,,13.24,,12.36,,14.15,,12.68,,11.37,,10.19,
WULF,2026-07-31,17.66,4.88,2026-09-16,14.82,14.8,15.39,-12.85,15.89,True,15.01,True,14.13,,13.24,,12.36,,12.56,,11.26,,10.09,,9.05,
WULF,2026-07-31,17.66,4.88,2026-09-17,16.47,15.77,16.47,-6.74,15.89,True,15.01,,14.13,,13.24,,12.36,,12.46,,11.17,,10.01,,8.98,
WULF,2026-07-31,17.66,4.88,2026-09-18,16.75,16.23,17.01,-3.68,15.89,,15.01,,14.13,,13.24,,12.36,,13.22,,11.85,,10.63,,9.53,
WULF,2026-07-31,17.66,4.88,2026-09-21,17.41,16.97,17.45,-1.19,15.89,,15.01,,14.13,,13.24,,12.36,,12.57,,11.27,,10.1,,9.06,
WULF,2026-07-31,17.66,4.88,2026-09-22,17.31,17.21,17.33,-1.87,15.89,,15.01,,14.13,,13.24,,12.36,,12.44,,11.16,,10.0,,8.97,
WULF,2026-07-31,17.66,4.88,2026-09-23,17.14,16.29,16.35,-7.42,15.89,,15.01,,14.13,,13.24,,12.36,,13.12,,11.76,,10.54,,9.45,
WULF,2026-07-31,17.66,4.88,2026-09-24,16.03,15.88,16.29,-7.76,15.89,True,15.01,,14.13,,13.24,,12.36,,12.84,,11.51,,10.32,,9.25,
WULF,2026-07-31,17.66,4.88,2026-09-25,16.35,15.36,15.74,-10.87,15.89,True,15.01,,14.13,,13.24,,12.36,,13.25,,11.88,,10.65,,9.55,
WULF,2026-07-31,17.66,4.88,2026-09-28,15.5,15.09,15.12,-14.38,15.89,True,15.01,,14.13,,13.24,,12.36,,12.34,,11.06,,9.92,,8.89,
WULF,2026-07-31,17.66,4.88,2026-09-29,15.46,14.93,15.09,-14.55,15.89,True,15.01,True,14.13,,13.24,,12.36,,12.16,,10.9,,9.77,,8.76,
WULF,2026-07-31,17.66,4.88,2026-09-30,15.33,14.53,14.8,-16.19,15.89,True,15.01,True,14.13,,13.24,,12.36,,11.78,,10.56,,9.46,,8.49,
WULF,2026-07-31,17.66,4.88,2026-10-01,14.92,14.36,14.91,-15.57,15.89,True,15.01,True,14.13,,13.24,,12.36,,11.91,,10.68,,9.57,,8.58,
WULF,2026-07-31,17.66,4.88,2026-10-02,15.48,15.15,15.49,-12.29,15.89,True,15.01,,14.13,,13.24,,12.36,,13.05,,11.7,,10.49,,9.4,
WULF,2026-07-31,17.66,4.88,2026-10-05,15.92,14.53,14.79,-16.25,15.89,True,15.01,True,14.13,,13.24,,12.36,,13.27,,11.9,,10.67,,9.56,
WULF,2026-07-31,17.66,4.88,2026-10-06,14.92,14.68,14.97,-15.23,15.89,True,15.01,True,14.13,,13.24,,12.36,,14.36,,12.87,,11.54,,10.34,
WULF,2026-07-31,17.66,4.88,2026-10-07,14.5,14.07,14.4,-18.46,15.89,True,15.01,True,14.13,True,13.24,,12.36,,13.77,,12.34,,11.07,,9.92,
WULF,2026-07-31,17.66,4.88,2026-10-08,14.16,13.11,13.65,-22.71,15.89,True,15.01,True,14.13,True,13.24,True,12.36,,12.97,,11.63,,10.43,,9.35,
WULF,2026-07-31,17.66,4.88,2026-10-09,13.79,13.5,13.69,-22.48,15.89,True,15.01,True,14.13,True,13.24,,12.36,,13.46,,12.06,,10.82,,9.7,
