symbol,filingDate,filing_detail_url,document_type
NXLIW,2026-07-29 00:00:00,https://www.sec.gov/Archives/edgar/data/1527352/000182912626008047/0001829126-26-008047-index.htm,8-K
NXL,2026-07-29 00:00:00,https://www.sec.gov/Archives/edgar/data/1527352/000182912626008047/0001829126-26-008047-index.htm,8-K
ARAY,2026-07-29 00:00:00,https://www.sec.gov/Archives/edgar/data/1138723/000143774926024904/0001437749-26-024904-index.htm,8-K
CLAYU,2026-07-29 00:00:00,https://www.sec.gov/Archives/edgar/data/1855467/000149315226035249/0001493152-26-035249-index.htm,8-K
CLAYW,2026-07-29 00:00:00,https://www.sec.gov/Archives/edgar/data/1855467/000149315226035249/0001493152-26-035249-index.htm,8-K
CLAY,2026-07-29 00:00:00,https://www.sec.gov/Archives/edgar/data/1855467/000149315226035249/0001493152-26-035249-index.htm,8-K
MOBXW,2026-07-29 00:00:00,https://www.sec.gov/Archives/edgar/data/1855467/000149315226035249/0001493152-26-035249-index.htm,8-K
MOBX,2026-07-29 00:00:00,https://www.sec.gov/Archives/edgar/data/1855467/000149315226035249/0001493152-26-035249-index.htm,8-K
HCWB,2026-07-29 00:00:00,https://www.sec.gov/Archives/edgar/data/1828673/000149315226035233/0001493152-26-035233-index.htm,8-K
BWV,2026-07-29 00:00:00,https://www.sec.gov/Archives/edgar/data/1782107/000121390026082879/0001213900-26-082879-index.htm,8-K
ONCO,2026-07-29 00:00:00,https://www.sec.gov/Archives/edgar/data/1782107/000121390026082879/0001213900-26-082879-index.htm,8-K
EZFL,2026-07-29 00:00:00,https://www.sec.gov/Archives/edgar/data/1817004/000149315226035221/0001493152-26-035221-index.htm,8-K
NXXT,2026-07-29 00:00:00,https://www.sec.gov/Archives/edgar/data/1817004/000149315226035221/0001493152-26-035221-index.htm,8-K
HURA,2026-07-29 00:00:00,https://www.sec.gov/Archives/edgar/data/1498382/000119312526324174/0001193125-26-324174-index.htm,8-K
KTRA,2026-07-29 00:00:00,https://www.sec.gov/Archives/edgar/data/1498382/000119312526324174/0001193125-26-324174-index.htm,8-K
BNL,2026-07-29 00:00:00,https://www.sec.gov/Archives/edgar/data/1424182/000142418226000065/0001424182-26-000065-index.htm,8-K
SBEV-WT,2026-07-29 00:00:00,https://www.sec.gov/Archives/edgar/data/1553788/000173112226000982/0001731122-26-000982-index.htm,8-K
SBEV,2026-07-29 00:00:00,https://www.sec.gov/Archives/edgar/data/1553788/000173112226000982/0001731122-26-000982-index.htm,8-K
ATXG,2026-07-29 00:00:00,https://www.sec.gov/Archives/edgar/data/1650101/000149315226035205/0001493152-26-035205-index.htm,8-K
PCOR,2026-07-29 00:00:00,https://www.sec.gov/Archives/edgar/data/1611052/000119312526323800/0001193125-26-323800-index.htm,8-K
SMTI,2026-07-29 00:00:00,https://www.sec.gov/Archives/edgar/data/714256/000149315226035196/0001493152-26-035196-index.htm,8-K
EQIX,2026-07-29 00:00:00,https://www.sec.gov/Archives/edgar/data/1101239/000110123926000148/0001101239-26-000148-index.htm,8-K
ALBT,2026-07-29 00:00:00,https://www.sec.gov/Archives/edgar/data/1630212/000121390026082821/0001213900-26-082821-index.htm,8-K
AVCO,2026-07-29 00:00:00,https://www.sec.gov/Archives/edgar/data/1630212/000121390026082821/0001213900-26-082821-index.htm,8-K
AXTI,2026-07-29 00:00:00,https://www.sec.gov/Archives/edgar/data/1051627/000143774926024883/0001437749-26-024883-index.htm,8-K
HODO,2026-07-29 00:00:00,https://www.sec.gov/Archives/edgar/data/1903595/000121390026082817/0001213900-26-082817-index.htm,8-K
TBH,2026-07-29 00:00:00,https://www.sec.gov/Archives/edgar/data/1903595/000121390026082817/0001213900-26-082817-index.htm,8-K
CDRE,2026-07-29 00:00:00,https://www.sec.gov/Archives/edgar/data/1860543/000110465926088148/0001104659-26-088148-index.htm,8-K
APDN,2026-07-29 00:00:00,https://www.sec.gov/Archives/edgar/data/744452/000110465926088139/0001104659-26-088139-index.htm,8-K
BOOT,2026-07-29 00:00:00,https://www.sec.gov/Archives/edgar/data/1610250/000110465926088137/0001104659-26-088137-index.htm,8-K
None,2026-07-29 00:00:00,https://www.sec.gov/Archives/edgar/data/2104391/000121390026082795/0001213900-26-082795-index.htm,8-K
XNCR,2026-07-29 00:00:00,https://www.sec.gov/Archives/edgar/data/1326732/000132673226000049/0001326732-26-000049-index.htm,8-K
MDXG,2026-07-29 00:00:00,https://www.sec.gov/Archives/edgar/data/1376339/000137633926000070/0001376339-26-000070-index.htm,8-K
NBR,2026-07-29 00:00:00,https://www.sec.gov/Archives/edgar/data/1163739/000110465926088124/0001104659-26-088124-index.htm,8-K
NBRWF,2026-07-29 00:00:00,https://www.sec.gov/Archives/edgar/data/1163739/000110465926088124/0001104659-26-088124-index.htm,8-K
None,2026-07-29 00:00:00,https://www.sec.gov/Archives/edgar/data/2141529/000119312526323489/0001193125-26-323489-index.htm,8-K
None,2026-07-29 00:00:00,https://www.sec.gov/Archives/edgar/data/1244832/000119312526323489/0001193125-26-323489-index.htm,8-K
TIPT,2026-07-29 00:00:00,https://www.sec.gov/Archives/edgar/data/1393726/000139372626000047/0001393726-26-000047-index.htm,8-K
CBZ,2026-07-29 00:00:00,https://www.sec.gov/Archives/edgar/data/944148/000119312526322239/0001193125-26-322239-index.htm,8-K
CBZ,2026-07-29 00:00:00,https://www.sec.gov/Archives/edgar/data/944148/000119312526322225/0001193125-26-322225-index.htm,8-K
ZONE,2026-07-29 00:00:00,https://www.sec.gov/Archives/edgar/data/1956741/000121390026082561/0001213900-26-082561-index.htm,8-K
LVWR-WT,2026-07-29 00:00:00,https://www.sec.gov/Archives/edgar/data/1898795/000189879526000078/0001898795-26-000078-index.htm,8-K
LVWR,2026-07-29 00:00:00,https://www.sec.gov/Archives/edgar/data/1898795/000189879526000078/0001898795-26-000078-index.htm,8-K
None,2026-07-29 00:00:00,https://www.sec.gov/Archives/edgar/data/1691082/000119312526322208/0001193125-26-322208-index.htm,8-K
PCSA,2026-07-29 00:00:00,https://www.sec.gov/Archives/edgar/data/1533743/000149315226035099/0001493152-26-035099-index.htm,8-K
SYBX,2026-07-29 00:00:00,https://www.sec.gov/Archives/edgar/data/1527599/000119312526322160/0001193125-26-322160-index.htm,8-K
MIRN,2026-07-29 00:00:00,https://www.sec.gov/Archives/edgar/data/1527599/000119312526322160/0001193125-26-322160-index.htm,8-K
BAND,2026-07-29 00:00:00,https://www.sec.gov/Archives/edgar/data/1514416/000151441626000055/0001514416-26-000055-index.htm,8-K
