symbol,filingDate,filing_detail_url,document_type,document_description,document_url,matched,error
ANY,2026-08-24 00:00:00,https://www.sec.gov/Archives/edgar/data/1591956/000106299326004571/0001062993-26-004571-index.htm,8-K,FORM 8-K,https://www.sec.gov/Archives/edgar/data/1591956/000106299326004571/form8k.htm,False,
ANY,2026-08-24 00:00:00,https://www.sec.gov/Archives/edgar/data/1591956/000106299326004571/0001062993-26-004571-index.htm,EX-99.1,EXHIBIT 99.1,https://www.sec.gov/Archives/edgar/data/1591956/000106299326004571/exhibit99-1.htm,False,
ALUR-WT,2026-08-24 00:00:00,https://www.sec.gov/Archives/edgar/data/1964979/000119312526363811/0001193125-26-363811-index.htm,8-K,8-K,https://www.sec.gov/Archives/edgar/data/1964979/000119312526363811/alur-20260817.htm,False,
ALUR,2026-08-24 00:00:00,https://www.sec.gov/Archives/edgar/data/1964979/000119312526363811/0001193125-26-363811-index.htm,8-K,8-K,https://www.sec.gov/Archives/edgar/data/1964979/000119312526363811/alur-20260817.htm,False,
HVIIU,2026-08-24 00:00:00,https://www.sec.gov/Archives/edgar/data/1846416/000149315226039917/0001493152-26-039917-index.htm,8-K,8-K,https://www.sec.gov/Archives/edgar/data/1846416/000149315226039917/form8-k.htm,False,
HVIIR,2026-08-24 00:00:00,https://www.sec.gov/Archives/edgar/data/1846416/000149315226039917/0001493152-26-039917-index.htm,8-K,8-K,https://www.sec.gov/Archives/edgar/data/1846416/000149315226039917/form8-k.htm,False,
HVII,2026-08-24 00:00:00,https://www.sec.gov/Archives/edgar/data/1846416/000149315226039917/0001493152-26-039917-index.htm,8-K,8-K,https://www.sec.gov/Archives/edgar/data/1846416/000149315226039917/form8-k.htm,False,
RGNX,2026-08-24 00:00:00,https://www.sec.gov/Archives/edgar/data/1590877/000119312526363786/0001193125-26-363786-index.htm,8-K,8-K,https://www.sec.gov/Archives/edgar/data/1590877/000119312526363786/rgnx-20260824.htm,False,
RGNX,2026-08-24 00:00:00,https://www.sec.gov/Archives/edgar/data/1590877/000119312526363786/0001193125-26-363786-index.htm,EX-99.1,EX-99.1,https://www.sec.gov/Archives/edgar/data/1590877/000119312526363786/rgnx-ex99_1.htm,False,
None,2026-08-24 00:00:00,https://www.sec.gov/Archives/edgar/data/1521945/000152194526000086/0001521945-26-000086-index.htm,8-K,8-K,https://www.sec.gov/Archives/edgar/data/1521945/000152194526000086/pfloat-20260824.htm,False,
None,2026-08-24 00:00:00,https://www.sec.gov/Archives/edgar/data/1684682/000199937126018565/0001999371-26-018565-index.htm,8-K,CURRENT REPORT,https://www.sec.gov/Archives/edgar/data/1684682/000199937126018565/cnl-8k_082426.htm,False,
DMAQ,2026-08-24 00:00:00,https://www.sec.gov/Archives/edgar/data/1857086/000149315226039904/0001493152-26-039904-index.htm,8-K,8-K,https://www.sec.gov/Archives/edgar/data/1857086/000149315226039904/form8-k.htm,False,
DMAQ,2026-08-24 00:00:00,https://www.sec.gov/Archives/edgar/data/1857086/000149315226039904/0001493152-26-039904-index.htm,EX-99.1,EX-99.1,https://www.sec.gov/Archives/edgar/data/1857086/000149315226039904/ex99-1.htm,False,
DMAQR,2026-08-24 00:00:00,https://www.sec.gov/Archives/edgar/data/1857086/000149315226039904/0001493152-26-039904-index.htm,8-K,8-K,https://www.sec.gov/Archives/edgar/data/1857086/000149315226039904/form8-k.htm,False,
DMAQR,2026-08-24 00:00:00,https://www.sec.gov/Archives/edgar/data/1857086/000149315226039904/0001493152-26-039904-index.htm,EX-99.1,EX-99.1,https://www.sec.gov/Archives/edgar/data/1857086/000149315226039904/ex99-1.htm,False,
TRUG,2026-08-24 00:00:00,https://www.sec.gov/Archives/edgar/data/1857086/000149315226039904/0001493152-26-039904-index.htm,8-K,8-K,https://www.sec.gov/Archives/edgar/data/1857086/000149315226039904/form8-k.htm,False,
TRUG,2026-08-24 00:00:00,https://www.sec.gov/Archives/edgar/data/1857086/000149315226039904/0001493152-26-039904-index.htm,EX-99.1,EX-99.1,https://www.sec.gov/Archives/edgar/data/1857086/000149315226039904/ex99-1.htm,False,
TLSS,2026-08-24 00:00:00,https://www.sec.gov/Archives/edgar/data/1463208/000149315226039903/0001493152-26-039903-index.htm,8-K,8-K,https://www.sec.gov/Archives/edgar/data/1463208/000149315226039903/form8-k.htm,True,
TLSS,2026-08-24 00:00:00,https://www.sec.gov/Archives/edgar/data/1463208/000149315226039903/0001493152-26-039903-index.htm,EX-10.1,EX-10.1,https://www.sec.gov/Archives/edgar/data/1463208/000149315226039903/ex10-1.htm,False,
BHLLD,2026-08-24 00:00:00,https://www.sec.gov/Archives/edgar/data/1407583/000149315226039900/0001493152-26-039900-index.htm,8-K,8-K,https://www.sec.gov/Archives/edgar/data/1407583/000149315226039900/form8-k.htm,True,
BHLLD,2026-08-24 00:00:00,https://www.sec.gov/Archives/edgar/data/1407583/000149315226039900/0001493152-26-039900-index.htm,EX-10.1,EX-10.1,https://www.sec.gov/Archives/edgar/data/1407583/000149315226039900/ex10-1.htm,False,
BHLLD,2026-08-24 00:00:00,https://www.sec.gov/Archives/edgar/data/1407583/000149315226039900/0001493152-26-039900-index.htm,EX-10.2,EX-10.2,https://www.sec.gov/Archives/edgar/data/1407583/000149315226039900/ex10-2.htm,False,
BHLLD,2026-08-24 00:00:00,https://www.sec.gov/Archives/edgar/data/1407583/000149315226039900/0001493152-26-039900-index.htm,EX-99.1,EX-99.1,https://www.sec.gov/Archives/edgar/data/1407583/000149315226039900/ex99-1.htm,False,
BHLL,2026-08-24 00:00:00,https://www.sec.gov/Archives/edgar/data/1407583/000149315226039900/0001493152-26-039900-index.htm,8-K,8-K,https://www.sec.gov/Archives/edgar/data/1407583/000149315226039900/form8-k.htm,True,
BHLL,2026-08-24 00:00:00,https://www.sec.gov/Archives/edgar/data/1407583/000149315226039900/0001493152-26-039900-index.htm,EX-10.1,EX-10.1,https://www.sec.gov/Archives/edgar/data/1407583/000149315226039900/ex10-1.htm,False,
BHLL,2026-08-24 00:00:00,https://www.sec.gov/Archives/edgar/data/1407583/000149315226039900/0001493152-26-039900-index.htm,EX-10.2,EX-10.2,https://www.sec.gov/Archives/edgar/data/1407583/000149315226039900/ex10-2.htm,False,
BHLL,2026-08-24 00:00:00,https://www.sec.gov/Archives/edgar/data/1407583/000149315226039900/0001493152-26-039900-index.htm,EX-99.1,EX-99.1,https://www.sec.gov/Archives/edgar/data/1407583/000149315226039900/ex99-1.htm,False,
LACQ,2026-08-24 00:00:00,https://www.sec.gov/Archives/edgar/data/1716947/000149315226039898/0001493152-26-039898-index.htm,8-K,8-K,https://www.sec.gov/Archives/edgar/data/1716947/000149315226039898/form8-k.htm,False,
LACQW,2026-08-24 00:00:00,https://www.sec.gov/Archives/edgar/data/1716947/000149315226039898/0001493152-26-039898-index.htm,8-K,8-K,https://www.sec.gov/Archives/edgar/data/1716947/000149315226039898/form8-k.htm,False,
LACQU,2026-08-24 00:00:00,https://www.sec.gov/Archives/edgar/data/1716947/000149315226039898/0001493152-26-039898-index.htm,8-K,8-K,https://www.sec.gov/Archives/edgar/data/1716947/000149315226039898/form8-k.htm,False,
ENSC,2026-08-24 00:00:00,https://www.sec.gov/Archives/edgar/data/1716947/000149315226039898/0001493152-26-039898-index.htm,8-K,8-K,https://www.sec.gov/Archives/edgar/data/1716947/000149315226039898/form8-k.htm,False,
ENSCW,2026-08-24 00:00:00,https://www.sec.gov/Archives/edgar/data/1716947/000149315226039898/0001493152-26-039898-index.htm,8-K,8-K,https://www.sec.gov/Archives/edgar/data/1716947/000149315226039898/form8-k.htm,False,
EFC-PB,2026-08-24 00:00:00,https://www.sec.gov/Archives/edgar/data/1411342/000162828026058676/0001628280-26-058676-index.htm,8-K,8-K,https://www.sec.gov/Archives/edgar/data/1411342/000162828026058676/efc-20260824.htm,False,
EFC-PB,2026-08-24 00:00:00,https://www.sec.gov/Archives/edgar/data/1411342/000162828026058676/0001628280-26-058676-index.htm,EX-99.1,EX-99.1,https://www.sec.gov/Archives/edgar/data/1411342/000162828026058676/efc-exhibitx726bvrelease.htm,False,
EFC,2026-08-24 00:00:00,https://www.sec.gov/Archives/edgar/data/1411342/000162828026058676/0001628280-26-058676-index.htm,8-K,8-K,https://www.sec.gov/Archives/edgar/data/1411342/000162828026058676/efc-20260824.htm,False,
EFC,2026-08-24 00:00:00,https://www.sec.gov/Archives/edgar/data/1411342/000162828026058676/0001628280-26-058676-index.htm,EX-99.1,EX-99.1,https://www.sec.gov/Archives/edgar/data/1411342/000162828026058676/efc-exhibitx726bvrelease.htm,False,
EFC-PA,2026-08-24 00:00:00,https://www.sec.gov/Archives/edgar/data/1411342/000162828026058676/0001628280-26-058676-index.htm,8-K,8-K,https://www.sec.gov/Archives/edgar/data/1411342/000162828026058676/efc-20260824.htm,False,
EFC-PA,2026-08-24 00:00:00,https://www.sec.gov/Archives/edgar/data/1411342/000162828026058676/0001628280-26-058676-index.htm,EX-99.1,EX-99.1,https://www.sec.gov/Archives/edgar/data/1411342/000162828026058676/efc-exhibitx726bvrelease.htm,False,
EFC-PC,2026-08-24 00:00:00,https://www.sec.gov/Archives/edgar/data/1411342/000162828026058676/0001628280-26-058676-index.htm,8-K,8-K,https://www.sec.gov/Archives/edgar/data/1411342/000162828026058676/efc-20260824.htm,False,
EFC-PC,2026-08-24 00:00:00,https://www.sec.gov/Archives/edgar/data/1411342/000162828026058676/0001628280-26-058676-index.htm,EX-99.1,EX-99.1,https://www.sec.gov/Archives/edgar/data/1411342/000162828026058676/efc-exhibitx726bvrelease.htm,False,
EFC-PD,2026-08-24 00:00:00,https://www.sec.gov/Archives/edgar/data/1411342/000162828026058676/0001628280-26-058676-index.htm,8-K,8-K,https://www.sec.gov/Archives/edgar/data/1411342/000162828026058676/efc-20260824.htm,False,
EFC-PD,2026-08-24 00:00:00,https://www.sec.gov/Archives/edgar/data/1411342/000162828026058676/0001628280-26-058676-index.htm,EX-99.1,EX-99.1,https://www.sec.gov/Archives/edgar/data/1411342/000162828026058676/efc-exhibitx726bvrelease.htm,False,
EFC-PE,2026-08-24 00:00:00,https://www.sec.gov/Archives/edgar/data/1411342/000162828026058676/0001628280-26-058676-index.htm,8-K,8-K,https://www.sec.gov/Archives/edgar/data/1411342/000162828026058676/efc-20260824.htm,False,
EFC-PE,2026-08-24 00:00:00,https://www.sec.gov/Archives/edgar/data/1411342/000162828026058676/0001628280-26-058676-index.htm,EX-99.1,EX-99.1,https://www.sec.gov/Archives/edgar/data/1411342/000162828026058676/efc-exhibitx726bvrelease.htm,False,
RWOD,2026-08-24 00:00:00,https://www.sec.gov/Archives/edgar/data/1907223/000121390026093122/0001213900-26-093122-index.htm,8-K,CURRENT REPORT,https://www.sec.gov/Archives/edgar/data/1907223/000121390026093122/ea0303162-8k_greenland.htm,True,
RWODR,2026-08-24 00:00:00,https://www.sec.gov/Archives/edgar/data/1907223/000121390026093122/0001213900-26-093122-index.htm,8-K,CURRENT REPORT,https://www.sec.gov/Archives/edgar/data/1907223/000121390026093122/ea0303162-8k_greenland.htm,True,
RWODU,2026-08-24 00:00:00,https://www.sec.gov/Archives/edgar/data/1907223/000121390026093122/0001213900-26-093122-index.htm,8-K,CURRENT REPORT,https://www.sec.gov/Archives/edgar/data/1907223/000121390026093122/ea0303162-8k_greenland.htm,True,
RWODW,2026-08-24 00:00:00,https://www.sec.gov/Archives/edgar/data/1907223/000121390026093122/0001213900-26-093122-index.htm,8-K,CURRENT REPORT,https://www.sec.gov/Archives/edgar/data/1907223/000121390026093122/ea0303162-8k_greenland.htm,True,
AVCO,2026-08-24 00:00:00,https://www.sec.gov/Archives/edgar/data/1630212/000121390026093113/0001213900-26-093113-index.htm,8-K,CURRENT REPORT,https://www.sec.gov/Archives/edgar/data/1630212/000121390026093113/ea0303230-8k_change.htm,True,
AVCO,2026-08-24 00:00:00,https://www.sec.gov/Archives/edgar/data/1630212/000121390026093113/0001213900-26-093113-index.htm,EX-10.1,"FIRST AMENDMENT TO EQUITY PURCHASE AGREEMENT DATED AUGUST 21, 2026",https://www.sec.gov/Archives/edgar/data/1630212/000121390026093113/ea030323001ex10-1.htm,False,
ALBT,2026-08-24 00:00:00,https://www.sec.gov/Archives/edgar/data/1630212/000121390026093113/0001213900-26-093113-index.htm,8-K,CURRENT REPORT,https://www.sec.gov/Archives/edgar/data/1630212/000121390026093113/ea0303230-8k_change.htm,True,
ALBT,2026-08-24 00:00:00,https://www.sec.gov/Archives/edgar/data/1630212/000121390026093113/0001213900-26-093113-index.htm,EX-10.1,"FIRST AMENDMENT TO EQUITY PURCHASE AGREEMENT DATED AUGUST 21, 2026",https://www.sec.gov/Archives/edgar/data/1630212/000121390026093113/ea030323001ex10-1.htm,False,
NCSM,2026-08-24 00:00:00,https://www.sec.gov/Archives/edgar/data/1692427/000143774926028838/0001437749-26-028838-index.htm,8-K,FORM 8-K,https://www.sec.gov/Archives/edgar/data/1692427/000143774926028838/ncsm20260824_8k.htm,False,
NCSM,2026-08-24 00:00:00,https://www.sec.gov/Archives/edgar/data/1692427/000143774926028838/0001437749-26-028838-index.htm,EX-99.1,EXHIBIT 99.1,https://www.sec.gov/Archives/edgar/data/1692427/000143774926028838/ex_1008318.htm,False,
VNRX,2026-08-24 00:00:00,https://www.sec.gov/Archives/edgar/data/93314/000147793226005251/0001477932-26-005251-index.htm,8-K,FORM 8-K,https://www.sec.gov/Archives/edgar/data/93314/000147793226005251/vnrx_8k.htm,False,
AMRZ,2026-08-24 00:00:00,https://www.sec.gov/Archives/edgar/data/2035989/000114036126034208/0001140361-26-034208-index.htm,8-K,8-K,https://www.sec.gov/Archives/edgar/data/2035989/000114036126034208/ef20080964_8k.htm,False,
AMRZ,2026-08-24 00:00:00,https://www.sec.gov/Archives/edgar/data/2035989/000114036126034208/0001140361-26-034208-index.htm,EX-10.1,EXHIBIT 10.1,https://www.sec.gov/Archives/edgar/data/2035989/000114036126034208/ef20080964_ex10-1.htm,False,
AMRZ,2026-08-24 00:00:00,https://www.sec.gov/Archives/edgar/data/2035989/000114036126034208/0001140361-26-034208-index.htm,EX-10.2,EXHIBIT 10.2,https://www.sec.gov/Archives/edgar/data/2035989/000114036126034208/ef20080964_ex10-2.htm,False,
AMRZ,2026-08-24 00:00:00,https://www.sec.gov/Archives/edgar/data/2035989/000114036126034208/0001140361-26-034208-index.htm,EX-99.1,EXHIBIT 99.1,https://www.sec.gov/Archives/edgar/data/2035989/000114036126034208/ef20080964_ex99-1.htm,False,
CIIT,2026-08-24 00:00:00,https://www.sec.gov/Archives/edgar/data/1557798/000168316826006698/0001683168-26-006698-index.htm,8-K,CURRENT REPORT,https://www.sec.gov/Archives/edgar/data/1557798/000168316826006698/tianci_8k.htm,True,
CIIT,2026-08-24 00:00:00,https://www.sec.gov/Archives/edgar/data/1557798/000168316826006698/0001683168-26-006698-index.htm,EX-10.1,EQUIPMENT PROCUREMENT AGREEMENT,https://www.sec.gov/Archives/edgar/data/1557798/000168316826006698/tianci_ex1001.htm,False,
PFGC,2026-08-24 00:00:00,https://www.sec.gov/Archives/edgar/data/1618673/000119312526363739/0001193125-26-363739-index.htm,8-K,8-K,https://www.sec.gov/Archives/edgar/data/1618673/000119312526363739/pfgc-20260824.htm,False,
RXT,2026-08-24 00:00:00,https://www.sec.gov/Archives/edgar/data/1810019/000181001926000095/0001810019-26-000095-index.htm,8-K,8-K (ITEM 5.02),https://www.sec.gov/Archives/edgar/data/1810019/000181001926000095/rxt-20260821.htm,False,
JKHY,2026-08-24 00:00:00,https://www.sec.gov/Archives/edgar/data/779152/000077915226000060/0000779152-26-000060-index.htm,8-K,8-K - JKHY - 2026.08.20 - ANNOUNCING NEW DIRECTOR,https://www.sec.gov/Archives/edgar/data/779152/000077915226000060/jkhy-20260820.htm,False,
JKHY,2026-08-24 00:00:00,https://www.sec.gov/Archives/edgar/data/779152/000077915226000060/0000779152-26-000060-index.htm,EX-99.1,EX-99.1 - JKHY - 2026.08.20 - ANNOUNCING NEW DIRECTOR,https://www.sec.gov/Archives/edgar/data/779152/000077915226000060/jkhy-prdatedaugust242026xa.htm,False,
ERESU,2026-08-24 00:00:00,https://www.sec.gov/Archives/edgar/data/1814287/000162828026058671/0001628280-26-058671-index.htm,8-K,8-K,https://www.sec.gov/Archives/edgar/data/1814287/000162828026058671/abl-20260824.htm,False,
ERESW,2026-08-24 00:00:00,https://www.sec.gov/Archives/edgar/data/1814287/000162828026058671/0001628280-26-058671-index.htm,8-K,8-K,https://www.sec.gov/Archives/edgar/data/1814287/000162828026058671/abl-20260824.htm,False,
ABLLL,2026-08-24 00:00:00,https://www.sec.gov/Archives/edgar/data/1814287/000162828026058671/0001628280-26-058671-index.htm,8-K,8-K,https://www.sec.gov/Archives/edgar/data/1814287/000162828026058671/abl-20260824.htm,False,
ABL,2026-08-24 00:00:00,https://www.sec.gov/Archives/edgar/data/1814287/000162828026058671/0001628280-26-058671-index.htm,8-K,8-K,https://www.sec.gov/Archives/edgar/data/1814287/000162828026058671/abl-20260824.htm,False,
ABX,2026-08-24 00:00:00,https://www.sec.gov/Archives/edgar/data/1814287/000162828026058671/0001628280-26-058671-index.htm,8-K,8-K,https://www.sec.gov/Archives/edgar/data/1814287/000162828026058671/abl-20260824.htm,False,
ABLLW,2026-08-24 00:00:00,https://www.sec.gov/Archives/edgar/data/1814287/000162828026058671/0001628280-26-058671-index.htm,8-K,8-K,https://www.sec.gov/Archives/edgar/data/1814287/000162828026058671/abl-20260824.htm,False,
ERES,2026-08-24 00:00:00,https://www.sec.gov/Archives/edgar/data/1814287/000162828026058671/0001628280-26-058671-index.htm,8-K,8-K,https://www.sec.gov/Archives/edgar/data/1814287/000162828026058671/abl-20260824.htm,False,
JUNSW,2026-08-24 00:00:00,https://www.sec.gov/Archives/edgar/data/1679628/000149315226039886/0001493152-26-039886-index.htm,8-K,8-K,https://www.sec.gov/Archives/edgar/data/1679628/000149315226039886/form8-k.htm,False,
JUNS,2026-08-24 00:00:00,https://www.sec.gov/Archives/edgar/data/1679628/000149315226039886/0001493152-26-039886-index.htm,8-K,8-K,https://www.sec.gov/Archives/edgar/data/1679628/000149315226039886/form8-k.htm,False,
HRL,2026-08-24 00:00:00,https://www.sec.gov/Archives/edgar/data/48465/000004846526000049/0000048465-26-000049-index.htm,8-K,8-K,https://www.sec.gov/Archives/edgar/data/48465/000004846526000049/hrl-20260824.htm,False,
TSNU,2026-08-24 00:00:00,https://www.sec.gov/Archives/edgar/data/100493/000114036126034204/0001140361-26-034204-index.htm,8-K,8-K,https://www.sec.gov/Archives/edgar/data/100493/000114036126034204/ef20080899_8k.htm,False,
TSNU,2026-08-24 00:00:00,https://www.sec.gov/Archives/edgar/data/100493/000114036126034204/0001140361-26-034204-index.htm,EX-99.1,EXHIBIT 99.1,https://www.sec.gov/Archives/edgar/data/100493/000114036126034204/ef20080899_ex99-1.htm,False,
TSN,2026-08-24 00:00:00,https://www.sec.gov/Archives/edgar/data/100493/000114036126034204/0001140361-26-034204-index.htm,8-K,8-K,https://www.sec.gov/Archives/edgar/data/100493/000114036126034204/ef20080899_8k.htm,False,
TSN,2026-08-24 00:00:00,https://www.sec.gov/Archives/edgar/data/100493/000114036126034204/0001140361-26-034204-index.htm,EX-99.1,EXHIBIT 99.1,https://www.sec.gov/Archives/edgar/data/100493/000114036126034204/ef20080899_ex99-1.htm,False,
MUR,2026-08-24 00:00:00,https://www.sec.gov/Archives/edgar/data/717423/000095010326012805/0000950103-26-012805-index.htm,8-K,FORM 8-K,https://www.sec.gov/Archives/edgar/data/717423/000095010326012805/dp252183_8k.htm,False,
MUR,2026-08-24 00:00:00,https://www.sec.gov/Archives/edgar/data/717423/000095010326012805/0000950103-26-012805-index.htm,EX-99.1,EXHIBIT 99.1,https://www.sec.gov/Archives/edgar/data/717423/000095010326012805/dp252183_ex9901.htm,False,
None,2026-08-24 00:00:00,https://www.sec.gov/Archives/edgar/data/1713407/000171340726000084/0001713407-26-000084-index.htm,8-K,8-K,https://www.sec.gov/Archives/edgar/data/1713407/000171340726000084/bra-20260820.htm,False,
RMAX,2026-08-24 00:00:00,https://www.sec.gov/Archives/edgar/data/1581091/000110465926100331/0001104659-26-100331-index.htm,8-K,FORM 8-K,https://www.sec.gov/Archives/edgar/data/1581091/000110465926100331/tm2623567d10_8k.htm,True,
BLZE,2026-08-24 00:00:00,https://www.sec.gov/Archives/edgar/data/1462056/000114036126034200/0001140361-26-034200-index.htm,8-K,8-K,https://www.sec.gov/Archives/edgar/data/1462056/000114036126034200/ef20080933_8k.htm,True,
BLZE,2026-08-24 00:00:00,https://www.sec.gov/Archives/edgar/data/1462056/000114036126034200/0001140361-26-034200-index.htm,EX-10.1,EXHIBIT 10.1,https://www.sec.gov/Archives/edgar/data/1462056/000114036126034200/ef20080933_ex10-1.htm,False,
BLZE,2026-08-24 00:00:00,https://www.sec.gov/Archives/edgar/data/1462056/000114036126034200/0001140361-26-034200-index.htm,EX-10.2,EXHIBIT 10.2,https://www.sec.gov/Archives/edgar/data/1462056/000114036126034200/ef20080933_ex10-2.htm,True,
BLZE,2026-08-24 00:00:00,https://www.sec.gov/Archives/edgar/data/1462056/000114036126034200/0001140361-26-034200-index.htm,EX-99.1,EXHIBIT 99.1,https://www.sec.gov/Archives/edgar/data/1462056/000114036126034200/ef20080933_ex99-1.htm,False,
BARK-WT,2026-08-24 00:00:00,https://www.sec.gov/Archives/edgar/data/1819574/000181957426000006/0001819574-26-000006-index.htm,8-K,8-K,https://www.sec.gov/Archives/edgar/data/1819574/000181957426000006/bark-20260819.htm,False,
BARK,2026-08-24 00:00:00,https://www.sec.gov/Archives/edgar/data/1819574/000181957426000006/0001819574-26-000006-index.htm,8-K,8-K,https://www.sec.gov/Archives/edgar/data/1819574/000181957426000006/bark-20260819.htm,False,
MLND,2026-08-24 00:00:00,https://www.sec.gov/Archives/edgar/data/1544227/000119312526363695/0001193125-26-363695-index.htm,8-K,8-K,https://www.sec.gov/Archives/edgar/data/1544227/000119312526363695/d152818d8k.htm,False,
TPST,2026-08-24 00:00:00,https://www.sec.gov/Archives/edgar/data/1544227/000119312526363695/0001193125-26-363695-index.htm,8-K,8-K,https://www.sec.gov/Archives/edgar/data/1544227/000119312526363695/d152818d8k.htm,False,
CHTR,2026-08-24 00:00:00,https://www.sec.gov/Archives/edgar/data/1091667/000110465926100328/0001104659-26-100328-index.htm,8-K,FORM 8-K,https://www.sec.gov/Archives/edgar/data/1091667/000110465926100328/tm2623853d1_8k.htm,True,
None,2026-08-24 00:00:00,https://www.sec.gov/Archives/edgar/data/1271833/000110465926100328/0001104659-26-100328-index.htm,8-K,FORM 8-K,https://www.sec.gov/Archives/edgar/data/1091667/000110465926100328/tm2623853d1_8k.htm,True,
None,2026-08-24 00:00:00,https://www.sec.gov/Archives/edgar/data/1271834/000110465926100328/0001104659-26-100328-index.htm,8-K,FORM 8-K,https://www.sec.gov/Archives/edgar/data/1091667/000110465926100328/tm2623853d1_8k.htm,True,
SSNT,2026-08-24 00:00:00,https://www.sec.gov/Archives/edgar/data/1236275/000095014226002421/0000950142-26-002421-index.htm,8-K,FORM 8-K,https://www.sec.gov/Archives/edgar/data/1236275/000095014226002421/eh260822995_8k.htm,False,
SSNT,2026-08-24 00:00:00,https://www.sec.gov/Archives/edgar/data/1236275/000095014226002421/0000950142-26-002421-index.htm,EX-99.1,EXHIBIT 99.1,https://www.sec.gov/Archives/edgar/data/1236275/000095014226002421/eh260822995_ex9901.htm,False,
QXO,2026-08-24 00:00:00,https://www.sec.gov/Archives/edgar/data/1236275/000095014226002421/0000950142-26-002421-index.htm,8-K,FORM 8-K,https://www.sec.gov/Archives/edgar/data/1236275/000095014226002421/eh260822995_8k.htm,False,
QXO,2026-08-24 00:00:00,https://www.sec.gov/Archives/edgar/data/1236275/000095014226002421/0000950142-26-002421-index.htm,EX-99.1,EXHIBIT 99.1,https://www.sec.gov/Archives/edgar/data/1236275/000095014226002421/eh260822995_ex9901.htm,False,
QXOBV,2026-08-24 00:00:00,https://www.sec.gov/Archives/edgar/data/1236275/000095014226002421/0000950142-26-002421-index.htm,8-K,FORM 8-K,https://www.sec.gov/Archives/edgar/data/1236275/000095014226002421/eh260822995_8k.htm,False,
QXOBV,2026-08-24 00:00:00,https://www.sec.gov/Archives/edgar/data/1236275/000095014226002421/0000950142-26-002421-index.htm,EX-99.1,EXHIBIT 99.1,https://www.sec.gov/Archives/edgar/data/1236275/000095014226002421/eh260822995_ex9901.htm,False,
WEL-WT,2026-08-24 00:00:00,https://www.sec.gov/Archives/edgar/data/1877557/000110465926100326/0001104659-26-100326-index.htm,8-K,FORM 8-K,https://www.sec.gov/Archives/edgar/data/1877557/000110465926100326/tm2623912d1_8k.htm,False,
WEL,2026-08-24 00:00:00,https://www.sec.gov/Archives/edgar/data/1877557/000110465926100326/0001104659-26-100326-index.htm,8-K,FORM 8-K,https://www.sec.gov/Archives/edgar/data/1877557/000110465926100326/tm2623912d1_8k.htm,False,
WEL-UN,2026-08-24 00:00:00,https://www.sec.gov/Archives/edgar/data/1877557/000110465926100326/0001104659-26-100326-index.htm,8-K,FORM 8-K,https://www.sec.gov/Archives/edgar/data/1877557/000110465926100326/tm2623912d1_8k.htm,False,
INVE,2026-08-24 00:00:00,https://www.sec.gov/Archives/edgar/data/1036044/000119312526363682/0001193125-26-363682-index.htm,8-K,8-K,https://www.sec.gov/Archives/edgar/data/1036044/000119312526363682/inve-20260824.htm,False,
INVE,2026-08-24 00:00:00,https://www.sec.gov/Archives/edgar/data/1036044/000119312526363682/0001193125-26-363682-index.htm,EX-99.1,EX-99.1,https://www.sec.gov/Archives/edgar/data/1036044/000119312526363682/inve-ex99_1.htm,False,
HUBG,2026-08-24 00:00:00,https://www.sec.gov/Archives/edgar/data/940942/000119312526363681/0001193125-26-363681-index.htm,8-K,8-K,https://www.sec.gov/Archives/edgar/data/940942/000119312526363681/d14495d8k.htm,False,
HUBG,2026-08-24 00:00:00,https://www.sec.gov/Archives/edgar/data/940942/000119312526363681/0001193125-26-363681-index.htm,EX-99.1,EX-99.1,https://www.sec.gov/Archives/edgar/data/940942/000119312526363681/d14495dex991.htm,False,
SPHAU,2026-08-24 00:00:00,https://www.sec.gov/Archives/edgar/data/2030829/000121390026093072/0001213900-26-093072-index.htm,8-K,CURRENT REPORT,https://www.sec.gov/Archives/edgar/data/2030829/000121390026093072/ea0303095-8k_pantages.htm,False,
SPHA,2026-08-24 00:00:00,https://www.sec.gov/Archives/edgar/data/2030829/000121390026093072/0001213900-26-093072-index.htm,8-K,CURRENT REPORT,https://www.sec.gov/Archives/edgar/data/2030829/000121390026093072/ea0303095-8k_pantages.htm,False,
AIFER,2026-08-24 00:00:00,https://www.sec.gov/Archives/edgar/data/2030829/000121390026093072/0001213900-26-093072-index.htm,8-K,CURRENT REPORT,https://www.sec.gov/Archives/edgar/data/2030829/000121390026093072/ea0303095-8k_pantages.htm,False,
AIFE,2026-08-24 00:00:00,https://www.sec.gov/Archives/edgar/data/2030829/000121390026093072/0001213900-26-093072-index.htm,8-K,CURRENT REPORT,https://www.sec.gov/Archives/edgar/data/2030829/000121390026093072/ea0303095-8k_pantages.htm,False,
AIFEU,2026-08-24 00:00:00,https://www.sec.gov/Archives/edgar/data/2030829/000121390026093072/0001213900-26-093072-index.htm,8-K,CURRENT REPORT,https://www.sec.gov/Archives/edgar/data/2030829/000121390026093072/ea0303095-8k_pantages.htm,False,
HWKE,2026-08-24 00:00:00,https://www.sec.gov/Archives/edgar/data/1750777/000168316826006694/0001683168-26-006694-index.htm,8-K,FORM 8-K,https://www.sec.gov/Archives/edgar/data/1750777/000168316826006694/hawkeye_8k.htm,False,
HWKE,2026-08-24 00:00:00,https://www.sec.gov/Archives/edgar/data/1750777/000168316826006694/0001683168-26-006694-index.htm,EX-99.1,PRESS RELEASE,https://www.sec.gov/Archives/edgar/data/1750777/000168316826006694/hawkeye_ex9901.htm,False,
None,2026-08-24 00:00:00,https://www.sec.gov/Archives/edgar/data/2080215/000121390026093069/0001213900-26-093069-index.htm,8-K,CURRENT REPORT,https://www.sec.gov/Archives/edgar/data/2080215/000121390026093069/ea0303125-8k_stablecoinx.htm,True,
None,2026-08-24 00:00:00,https://www.sec.gov/Archives/edgar/data/2080215/000121390026093069/0001213900-26-093069-index.htm,EX-10.1,FORM OF NOTE CONSOLIDATION AND RESTRUCTURING AGREEMENT,https://www.sec.gov/Archives/edgar/data/2080215/000121390026093069/ea030312501ex10-1.htm,False,
GNLN,2026-08-24 00:00:00,https://www.sec.gov/Archives/edgar/data/1743745/000149315226039873/0001493152-26-039873-index.htm,8-K,8-K,https://www.sec.gov/Archives/edgar/data/1743745/000149315226039873/form8-k.htm,False,
RIDE,2026-08-24 00:00:00,https://www.sec.gov/Archives/edgar/data/1759546/000149315226039872/0001493152-26-039872-index.htm,8-K,8-K,https://www.sec.gov/Archives/edgar/data/1759546/000149315226039872/form8-k.htm,True,
IMAQR,2026-08-24 00:00:00,https://www.sec.gov/Archives/edgar/data/1846235/000121390026093065/0001213900-26-093065-index.htm,8-K,CURRENT REPORT,https://www.sec.gov/Archives/edgar/data/1846235/000121390026093065/ea0303143-8k_international.htm,False,
IMAQR,2026-08-24 00:00:00,https://www.sec.gov/Archives/edgar/data/1846235/000121390026093065/0001213900-26-093065-index.htm,EX-99.1,EXTENSION LETTER,https://www.sec.gov/Archives/edgar/data/1846235/000121390026093065/ea030314301ex99-1.htm,False,
IMAQU,2026-08-24 00:00:00,https://www.sec.gov/Archives/edgar/data/1846235/000121390026093065/0001213900-26-093065-index.htm,8-K,CURRENT REPORT,https://www.sec.gov/Archives/edgar/data/1846235/000121390026093065/ea0303143-8k_international.htm,False,
IMAQU,2026-08-24 00:00:00,https://www.sec.gov/Archives/edgar/data/1846235/000121390026093065/0001213900-26-093065-index.htm,EX-99.1,EXTENSION LETTER,https://www.sec.gov/Archives/edgar/data/1846235/000121390026093065/ea030314301ex99-1.htm,False,
IMAQ,2026-08-24 00:00:00,https://www.sec.gov/Archives/edgar/data/1846235/000121390026093065/0001213900-26-093065-index.htm,8-K,CURRENT REPORT,https://www.sec.gov/Archives/edgar/data/1846235/000121390026093065/ea0303143-8k_international.htm,False,
IMAQ,2026-08-24 00:00:00,https://www.sec.gov/Archives/edgar/data/1846235/000121390026093065/0001213900-26-093065-index.htm,EX-99.1,EXTENSION LETTER,https://www.sec.gov/Archives/edgar/data/1846235/000121390026093065/ea030314301ex99-1.htm,False,
IMAQW,2026-08-24 00:00:00,https://www.sec.gov/Archives/edgar/data/1846235/000121390026093065/0001213900-26-093065-index.htm,8-K,CURRENT REPORT,https://www.sec.gov/Archives/edgar/data/1846235/000121390026093065/ea0303143-8k_international.htm,False,
IMAQW,2026-08-24 00:00:00,https://www.sec.gov/Archives/edgar/data/1846235/000121390026093065/0001213900-26-093065-index.htm,EX-99.1,EXTENSION LETTER,https://www.sec.gov/Archives/edgar/data/1846235/000121390026093065/ea030314301ex99-1.htm,False,
AIRI,2026-08-24 00:00:00,https://www.sec.gov/Archives/edgar/data/1009891/000121390026093066/0001213900-26-093066-index.htm,8-K,CURRENT REPORT,https://www.sec.gov/Archives/edgar/data/1009891/000121390026093066/ea0303062-8k_air.htm,True,
AIRI,2026-08-24 00:00:00,https://www.sec.gov/Archives/edgar/data/1009891/000121390026093066/0001213900-26-093066-index.htm,EX-10.1,"TWELFTH AMENDMENT TO LOAN AND SECURITY AGREEMENT WITH WEBSTER BANK, NATIONAL ASS",https://www.sec.gov/Archives/edgar/data/1009891/000121390026093066/ea030306201ex10-1.htm,True,
AVAH,2026-08-24 00:00:00,https://www.sec.gov/Archives/edgar/data/1832332/000119312526363654/0001193125-26-363654-index.htm,8-K,8-K,https://www.sec.gov/Archives/edgar/data/1832332/000119312526363654/d199963d8k.htm,False,
TSNU,2026-08-24 00:00:00,https://www.sec.gov/Archives/edgar/data/100493/000114036126034195/0001140361-26-034195-index.htm,8-K,8-K,https://www.sec.gov/Archives/edgar/data/100493/000114036126034195/ef20080885_8k.htm,True,
TSN,2026-08-24 00:00:00,https://www.sec.gov/Archives/edgar/data/100493/000114036126034195/0001140361-26-034195-index.htm,8-K,8-K,https://www.sec.gov/Archives/edgar/data/100493/000114036126034195/ef20080885_8k.htm,True,
None,2026-08-24 00:00:00,https://www.sec.gov/Archives/edgar/data/2082557/000208255726000061/0002082557-26-000061-index.htm,8-K,8-K,https://www.sec.gov/Archives/edgar/data/2082557/000208255726000061/gpifs-20260824.htm,False,
None,2026-08-24 00:00:00,https://www.sec.gov/Archives/edgar/data/2082559/000208255926000088/0002082559-26-000088-index.htm,8-K,8-K,https://www.sec.gov/Archives/edgar/data/2082559/000208255926000088/gpifi-20260824.htm,False,
None,2026-08-24 00:00:00,https://www.sec.gov/Archives/edgar/data/1930087/000193008726000108/0001930087-26-000108-index.htm,8-K,8-K,https://www.sec.gov/Archives/edgar/data/1930087/000193008726000108/gcred-20260824.htm,False,
PLXS,2026-08-24 00:00:00,https://www.sec.gov/Archives/edgar/data/785786/000078578626000057/0000785786-26-000057-index.htm,8-K,8-K,https://www.sec.gov/Archives/edgar/data/785786/000078578626000057/plxs-20260824.htm,False,
SBMT,2026-08-24 00:00:00,https://www.sec.gov/Archives/edgar/data/2067674/000153949726002337/0001539497-26-002337-index.htm,8-K,FORM 8-K,https://www.sec.gov/Archives/edgar/data/2067674/000153949726002337/n5138_x31-8k.htm,False,
SBMT,2026-08-24 00:00:00,https://www.sec.gov/Archives/edgar/data/2067674/000153949726002337/0001539497-26-002337-index.htm,EX-99.1,"SILVER BOW MINING WEBCAST SLIDES DATED AUGUST 24, 2026",https://www.sec.gov/Archives/edgar/data/2067674/000153949726002337/n5138_x31exh99-1.htm,False,
EVRG,2026-08-24 00:00:00,https://www.sec.gov/Archives/edgar/data/1711269/000119312526363625/0001193125-26-363625-index.htm,8-K,8-K,https://www.sec.gov/Archives/edgar/data/1711269/000119312526363625/d417229d8k.htm,True,
None,2026-08-24 00:00:00,https://www.sec.gov/Archives/edgar/data/1812554/000181255426000050/0001812554-26-000050-index.htm,8-K,8-K,https://www.sec.gov/Archives/edgar/data/1812554/000181255426000050/orcic-20260824.htm,True,
AHR,2026-08-24 00:00:00,https://www.sec.gov/Archives/edgar/data/1632970/000119312526363616/0001193125-26-363616-index.htm,8-K,8-K,https://www.sec.gov/Archives/edgar/data/1632970/000119312526363616/ahr-20260820.htm,False,
AIHS,2026-08-24 00:00:00,https://www.sec.gov/Archives/edgar/data/1711012/000121390026093029/0001213900-26-093029-index.htm,8-K,CURRENT REPORT,https://www.sec.gov/Archives/edgar/data/1711012/000121390026093029/ea0303172-8k_senmiao.htm,False,
KINS,2026-08-24 00:00:00,https://www.sec.gov/Archives/edgar/data/33992/000102177126000111/0001021771-26-000111-index.htm,8-K,FORM 8-K RE CHANGE IN ACCOUNTANTS,https://www.sec.gov/Archives/edgar/data/33992/000102177126000111/kins-20260824.htm,False,
LGVN,2026-08-24 00:00:00,https://www.sec.gov/Archives/edgar/data/1721484/000121390026093028/0001213900-26-093028-index.htm,8-K,CURRENT REPORT,https://www.sec.gov/Archives/edgar/data/1721484/000121390026093028/ea0303097-8k_longeveron.htm,False,
LGVN,2026-08-24 00:00:00,https://www.sec.gov/Archives/edgar/data/1721484/000121390026093028/0001213900-26-093028-index.htm,EX-99.1,"PRESS RELEASE DATED AUGUST 24, 2026",https://www.sec.gov/Archives/edgar/data/1721484/000121390026093028/ea030309701ex99-1.htm,False,
PFS,2026-08-24 00:00:00,https://www.sec.gov/Archives/edgar/data/1178970/000155278126000462/0001552781-26-000462-index.htm,8-K,,https://www.sec.gov/Archives/edgar/data/1178970/000155278126000462/e26361_pfs-8k.htm,False,
None,2026-08-24 00:00:00,https://www.sec.gov/Archives/edgar/data/2033382/000119312526363600/0001193125-26-363600-index.htm,8-K,8-K,https://www.sec.gov/Archives/edgar/data/2033382/000119312526363600/d74625d8k.htm,False,
NCL,2026-08-24 00:00:00,https://www.sec.gov/Archives/edgar/data/1923780/000157587226000603/0001575872-26-000603-index.htm,8-K,FORM 8-K,https://www.sec.gov/Archives/edgar/data/1923780/000157587226000603/ncl125_8k.htm,False,
VVV,2026-08-24 00:00:00,https://www.sec.gov/Archives/edgar/data/1674910/000162828026058633/0001628280-26-058633-index.htm,8-K,8-K,https://www.sec.gov/Archives/edgar/data/1674910/000162828026058633/vvv-20260824.htm,True,
VVV,2026-08-24 00:00:00,https://www.sec.gov/Archives/edgar/data/1674910/000162828026058633/0001628280-26-058633-index.htm,EX-10.1,EX-10.1,https://www.sec.gov/Archives/edgar/data/1674910/000162828026058633/exhibit101-vvvcreditagreem.htm,True,
CPSH,2026-08-24 00:00:00,https://www.sec.gov/Archives/edgar/data/814676/000143774926028819/0001437749-26-028819-index.htm,8-K,FORM 8-K,https://www.sec.gov/Archives/edgar/data/814676/000143774926028819/cpsh20260822c_8k.htm,True,
BBGI,2026-08-24 00:00:00,https://www.sec.gov/Archives/edgar/data/1099160/000119312526363588/0001193125-26-363588-index.htm,8-K,8-K,https://www.sec.gov/Archives/edgar/data/1099160/000119312526363588/d101664d8k.htm,False,
POLA,2026-08-24 00:00:00,https://www.sec.gov/Archives/edgar/data/1622345/000149315226039867/0001493152-26-039867-index.htm,8-K,8-K,https://www.sec.gov/Archives/edgar/data/1622345/000149315226039867/form8-k.htm,False,
POLA,2026-08-24 00:00:00,https://www.sec.gov/Archives/edgar/data/1622345/000149315226039867/0001493152-26-039867-index.htm,EX-99.1,EX-99.1,https://www.sec.gov/Archives/edgar/data/1622345/000149315226039867/ex99-1.htm,False,
BOMN,2026-08-24 00:00:00,https://www.sec.gov/Archives/edgar/data/1494582/000143774926028818/0001437749-26-028818-index.htm,8-K,FORM 8-K,https://www.sec.gov/Archives/edgar/data/1494582/000143774926028818/bomn20260809_8k.htm,False,
BOC,2026-08-24 00:00:00,https://www.sec.gov/Archives/edgar/data/1494582/000143774926028818/0001437749-26-028818-index.htm,8-K,FORM 8-K,https://www.sec.gov/Archives/edgar/data/1494582/000143774926028818/bomn20260809_8k.htm,False,
AAGH,2026-08-24 00:00:00,https://www.sec.gov/Archives/edgar/data/1098009/000118518526003691/0001185185-26-003691-index.htm,8-K,FORM 8-K,https://www.sec.gov/Archives/edgar/data/1098009/000118518526003691/aagh8k081926.htm,False,
AAGH,2026-08-24 00:00:00,https://www.sec.gov/Archives/edgar/data/1098009/000118518526003691/0001185185-26-003691-index.htm,EX-99.1,EXHIBIT 99.1,https://www.sec.gov/Archives/edgar/data/1098009/000118518526003691/aaghex99-1.htm,False,
ELF,2026-08-24 00:00:00,https://www.sec.gov/Archives/edgar/data/1600033/000160003326000044/0001600033-26-000044-index.htm,8-K,8-K,https://www.sec.gov/Archives/edgar/data/1600033/000160003326000044/elf-20260820.htm,False,
WERN,2026-08-24 00:00:00,https://www.sec.gov/Archives/edgar/data/793074/000079307426000154/0000793074-26-000154-index.htm,8-K,8-K,https://www.sec.gov/Archives/edgar/data/793074/000079307426000154/wern-20260824.htm,False,
WERN,2026-08-24 00:00:00,https://www.sec.gov/Archives/edgar/data/793074/000079307426000154/0000793074-26-000154-index.htm,EX-99.1,EX-99.1,https://www.sec.gov/Archives/edgar/data/793074/000079307426000154/wern-8xk82426exhibit.htm,False,
ABIO,2026-08-24 00:00:00,https://www.sec.gov/Archives/edgar/data/907654/000121390026093021/0001213900-26-093021-index.htm,8-K,CURRENT REPORT,https://www.sec.gov/Archives/edgar/data/907654/000121390026093021/ea0302923-8k_oruka.htm,False,
ABIO,2026-08-24 00:00:00,https://www.sec.gov/Archives/edgar/data/907654/000121390026093021/0001213900-26-093021-index.htm,EX-10.1,"OFFER LETTER, DATED JULY 22, 2026, BETWEEN ORUKA THERAPEUTICS, INC. AND TODD EDW",https://www.sec.gov/Archives/edgar/data/907654/000121390026093021/ea030292301ex10-1.htm,False,
VEEE,2026-08-24 00:00:00,https://www.sec.gov/Archives/edgar/data/1855509/000173112226001129/0001731122-26-001129-index.htm,8-K,FORM 8-K,https://www.sec.gov/Archives/edgar/data/1855509/000173112226001129/e7892_8k.htm,False,
DEFI,2026-08-24 00:00:00,https://www.sec.gov/Archives/edgar/data/1985840/000121390026093020/0001213900-26-093020-index.htm,8-K,CURRENT REPORT,https://www.sec.gov/Archives/edgar/data/1985840/000121390026093020/ea0303094-8k_hashdex.htm,False,
SQFT,2026-08-24 00:00:00,https://www.sec.gov/Archives/edgar/data/1080657/000149315226039864/0001493152-26-039864-index.htm,8-K,8-K,https://www.sec.gov/Archives/edgar/data/1080657/000149315226039864/form8-k.htm,False,
SQFT,2026-08-24 00:00:00,https://www.sec.gov/Archives/edgar/data/1080657/000149315226039864/0001493152-26-039864-index.htm,EX-99.1,EX-99.1,https://www.sec.gov/Archives/edgar/data/1080657/000149315226039864/ex99-1.htm,False,
SQFTW,2026-08-24 00:00:00,https://www.sec.gov/Archives/edgar/data/1080657/000149315226039864/0001493152-26-039864-index.htm,8-K,8-K,https://www.sec.gov/Archives/edgar/data/1080657/000149315226039864/form8-k.htm,False,
SQFTW,2026-08-24 00:00:00,https://www.sec.gov/Archives/edgar/data/1080657/000149315226039864/0001493152-26-039864-index.htm,EX-99.1,EX-99.1,https://www.sec.gov/Archives/edgar/data/1080657/000149315226039864/ex99-1.htm,False,
SQFTP,2026-08-24 00:00:00,https://www.sec.gov/Archives/edgar/data/1080657/000149315226039864/0001493152-26-039864-index.htm,8-K,8-K,https://www.sec.gov/Archives/edgar/data/1080657/000149315226039864/form8-k.htm,False,
SQFTP,2026-08-24 00:00:00,https://www.sec.gov/Archives/edgar/data/1080657/000149315226039864/0001493152-26-039864-index.htm,EX-99.1,EX-99.1,https://www.sec.gov/Archives/edgar/data/1080657/000149315226039864/ex99-1.htm,False,
LOPE,2026-08-24 00:00:00,https://www.sec.gov/Archives/edgar/data/1434588/000110465926100299/0001104659-26-100299-index.htm,8-K,8-K,https://www.sec.gov/Archives/edgar/data/1434588/000110465926100299/lope-20260821x8k.htm,False,
None,2026-08-24 00:00:00,https://www.sec.gov/Archives/edgar/data/1869453/000186945326000057/0001869453-26-000057-index.htm,8-K,8-K,https://www.sec.gov/Archives/edgar/data/1869453/000186945326000057/otic-20260824.htm,True,
TRCK,2026-08-24 00:00:00,https://www.sec.gov/Archives/edgar/data/1045942/000143774926028816/0001437749-26-028816-index.htm,8-K,FORM 8-K,https://www.sec.gov/Archives/edgar/data/1045942/000143774926028816/trkg20260824_8k.htm,True,
TRCK,2026-08-24 00:00:00,https://www.sec.gov/Archives/edgar/data/1045942/000143774926028816/0001437749-26-028816-index.htm,EX-10.1,EXHIBIT 10.1,https://www.sec.gov/Archives/edgar/data/1045942/000143774926028816/ex_1008391.htm,False,
TRCK,2026-08-24 00:00:00,https://www.sec.gov/Archives/edgar/data/1045942/000143774926028816/0001437749-26-028816-index.htm,EX-10.2,EXHIBIT 10.2,https://www.sec.gov/Archives/edgar/data/1045942/000143774926028816/ex_1008392.htm,True,
AAOI,2026-08-24 00:00:00,https://www.sec.gov/Archives/edgar/data/1158114/000168316826006693/0001683168-26-006693-index.htm,8-K,FORM 8-K,https://www.sec.gov/Archives/edgar/data/1158114/000168316826006693/aaoi_8k.htm,True,
AAOI,2026-08-24 00:00:00,https://www.sec.gov/Archives/edgar/data/1158114/000168316826006693/0001683168-26-006693-index.htm,EX-10.1,FORM OF INDEMNIFICATION AGREEMENT.,https://www.sec.gov/Archives/edgar/data/1158114/000168316826006693/aaoi_ex1001.htm,False,
UHAL-B,2026-08-24 00:00:00,https://www.sec.gov/Archives/edgar/data/4457/000119312526363558/0001193125-26-363558-index.htm,8-K,8-K,https://www.sec.gov/Archives/edgar/data/4457/000119312526363558/uhal-20260820.htm,False,
UHALB,2026-08-24 00:00:00,https://www.sec.gov/Archives/edgar/data/4457/000119312526363558/0001193125-26-363558-index.htm,8-K,8-K,https://www.sec.gov/Archives/edgar/data/4457/000119312526363558/uhal-20260820.htm,False,
UHAL,2026-08-24 00:00:00,https://www.sec.gov/Archives/edgar/data/4457/000119312526363558/0001193125-26-363558-index.htm,8-K,8-K,https://www.sec.gov/Archives/edgar/data/4457/000119312526363558/uhal-20260820.htm,False,
NUTX,2026-08-24 00:00:00,https://www.sec.gov/Archives/edgar/data/1479681/000162828026058606/0001628280-26-058606-index.htm,8-K,8-K,https://www.sec.gov/Archives/edgar/data/1479681/000162828026058606/nutx-20260824.htm,False,
CLNH,2026-08-24 00:00:00,https://www.sec.gov/Archives/edgar/data/1479681/000162828026058606/0001628280-26-058606-index.htm,8-K,8-K,https://www.sec.gov/Archives/edgar/data/1479681/000162828026058606/nutx-20260824.htm,False,
SKYE,2026-08-24 00:00:00,https://www.sec.gov/Archives/edgar/data/1516551/000162828026058605/0001628280-26-058605-index.htm,8-K,8-K,https://www.sec.gov/Archives/edgar/data/1516551/000162828026058605/skye-20260821.htm,True,
SKYE,2026-08-24 00:00:00,https://www.sec.gov/Archives/edgar/data/1516551/000162828026058605/0001628280-26-058605-index.htm,EX-10.1,EX-10.1,https://www.sec.gov/Archives/edgar/data/1516551/000162828026058605/skye-20260824xex101xprojec.htm,False,
None,2026-08-24 00:00:00,https://www.sec.gov/Archives/edgar/data/2049733/000204973326000040/0002049733-26-000040-index.htm,8-K,8-K,https://www.sec.gov/Archives/edgar/data/2049733/000204973326000040/a8-kaugust2026.htm,False,
BBLR,2026-08-24 00:00:00,https://www.sec.gov/Archives/edgar/data/1873722/000149315226039848/0001493152-26-039848-index.htm,8-K,8-K,https://www.sec.gov/Archives/edgar/data/1873722/000149315226039848/form8-k.htm,False,
BLIS,2026-08-24 00:00:00,https://www.sec.gov/Archives/edgar/data/1703625/000119983526000306/0001199835-26-000306-index.htm,8-K,"NAPC DEFENSE, INC. FORM 8-K",https://www.sec.gov/Archives/edgar/data/1703625/000119983526000306/form_8k.htm,False,
BLIS,2026-08-24 00:00:00,https://www.sec.gov/Archives/edgar/data/1703625/000119983526000306/0001199835-26-000306-index.htm,EX-99.1,"PRESS RELEASE DATED AUGUST 19, 2026",https://www.sec.gov/Archives/edgar/data/1703625/000119983526000306/napc_ex99-1.htm,False,
FSBW,2026-08-24 00:00:00,https://www.sec.gov/Archives/edgar/data/1530249/000093905726000207/0000939057-26-000207-index.htm,8-K,,https://www.sec.gov/Archives/edgar/data/1530249/000093905726000207/8k82426.htm,False,
FSBW,2026-08-24 00:00:00,https://www.sec.gov/Archives/edgar/data/1530249/000093905726000207/0000939057-26-000207-index.htm,EX-99.1,,https://www.sec.gov/Archives/edgar/data/1530249/000093905726000207/ex99182426.htm,False,
UBSI,2026-08-24 00:00:00,https://www.sec.gov/Archives/edgar/data/729986/000119312526363214/0001193125-26-363214-index.htm,8-K,8-K,https://www.sec.gov/Archives/edgar/data/729986/000119312526363214/d120605d8k.htm,False,
UBSI,2026-08-24 00:00:00,https://www.sec.gov/Archives/edgar/data/729986/000119312526363214/0001193125-26-363214-index.htm,EX-99.1,EX-99.1,https://www.sec.gov/Archives/edgar/data/729986/000119312526363214/d120605dex991.htm,False,
EBRCZ,2026-08-24 00:00:00,https://www.sec.gov/Archives/edgar/data/1347123/000121465926010775/0001214659-26-010775-index.htm,8-K,,https://www.sec.gov/Archives/edgar/data/1347123/000121465926010775/o8212638k.htm,False,
EBRCZ,2026-08-24 00:00:00,https://www.sec.gov/Archives/edgar/data/1347123/000121465926010775/0001214659-26-010775-index.htm,EX-99.1,EXHIBIT 99.1,https://www.sec.gov/Archives/edgar/data/1347123/000121465926010775/ex99_1.htm,False,
TNON,2026-08-24 00:00:00,https://www.sec.gov/Archives/edgar/data/1560293/000121390026092944/0001213900-26-092944-index.htm,8-K,CURRENT REPORT,https://www.sec.gov/Archives/edgar/data/1560293/000121390026092944/ea0303191-8k_tenon.htm,False,
TNON,2026-08-24 00:00:00,https://www.sec.gov/Archives/edgar/data/1560293/000121390026092944/0001213900-26-092944-index.htm,EX-99.1,"PRESS RELEASE OF TENON MEDICAL, INC., DATED AUGUST 24, 2026",https://www.sec.gov/Archives/edgar/data/1560293/000121390026092944/ea030319101ex99-1.htm,False,
AILLM,2026-08-24 00:00:00,https://www.sec.gov/Archives/edgar/data/18654/000110465926100236/0001104659-26-100236-index.htm,8-K,FORM 8-K,https://www.sec.gov/Archives/edgar/data/18654/000110465926100236/tm2623767d1_8k.htm,False,
AILIH,2026-08-24 00:00:00,https://www.sec.gov/Archives/edgar/data/18654/000110465926100236/0001104659-26-100236-index.htm,8-K,FORM 8-K,https://www.sec.gov/Archives/edgar/data/18654/000110465926100236/tm2623767d1_8k.htm,False,
AILIO,2026-08-24 00:00:00,https://www.sec.gov/Archives/edgar/data/18654/000110465926100236/0001104659-26-100236-index.htm,8-K,FORM 8-K,https://www.sec.gov/Archives/edgar/data/18654/000110465926100236/tm2623767d1_8k.htm,False,
AILIN,2026-08-24 00:00:00,https://www.sec.gov/Archives/edgar/data/18654/000110465926100236/0001104659-26-100236-index.htm,8-K,FORM 8-K,https://www.sec.gov/Archives/edgar/data/18654/000110465926100236/tm2623767d1_8k.htm,False,
AILLI,2026-08-24 00:00:00,https://www.sec.gov/Archives/edgar/data/18654/000110465926100236/0001104659-26-100236-index.htm,8-K,FORM 8-K,https://www.sec.gov/Archives/edgar/data/18654/000110465926100236/tm2623767d1_8k.htm,False,
AILLN,2026-08-24 00:00:00,https://www.sec.gov/Archives/edgar/data/18654/000110465926100236/0001104659-26-100236-index.htm,8-K,FORM 8-K,https://www.sec.gov/Archives/edgar/data/18654/000110465926100236/tm2623767d1_8k.htm,False,
AILIM,2026-08-24 00:00:00,https://www.sec.gov/Archives/edgar/data/18654/000110465926100236/0001104659-26-100236-index.htm,8-K,FORM 8-K,https://www.sec.gov/Archives/edgar/data/18654/000110465926100236/tm2623767d1_8k.htm,False,
AILLO,2026-08-24 00:00:00,https://www.sec.gov/Archives/edgar/data/18654/000110465926100236/0001104659-26-100236-index.htm,8-K,FORM 8-K,https://www.sec.gov/Archives/edgar/data/18654/000110465926100236/tm2623767d1_8k.htm,False,
AEE,2026-08-24 00:00:00,https://www.sec.gov/Archives/edgar/data/1002910/000110465926100236/0001104659-26-100236-index.htm,8-K,FORM 8-K,https://www.sec.gov/Archives/edgar/data/18654/000110465926100236/tm2623767d1_8k.htm,False,
GBR,2026-08-24 00:00:00,https://www.sec.gov/Archives/edgar/data/105744/000121465926010767/0001214659-26-010767-index.htm,8-K,,https://www.sec.gov/Archives/edgar/data/105744/000121465926010767/p8212668k.htm,False,
PRLB,2026-08-24 00:00:00,https://www.sec.gov/Archives/edgar/data/1443669/000144366926000039/0001443669-26-000039-index.htm,8-K,8-K,https://www.sec.gov/Archives/edgar/data/1443669/000144366926000039/prlb-20260824.htm,False,
PRLB,2026-08-24 00:00:00,https://www.sec.gov/Archives/edgar/data/1443669/000144366926000039/0001443669-26-000039-index.htm,EX-99.1,EX-99.1,https://www.sec.gov/Archives/edgar/data/1443669/000144366926000039/prlb-2026824xexx991.htm,False,
MPLXP,2026-08-24 00:00:00,https://www.sec.gov/Archives/edgar/data/1552000/000119312526362680/0001193125-26-362680-index.htm,8-K,8-K,https://www.sec.gov/Archives/edgar/data/1552000/000119312526362680/d178331d8k.htm,False,
MPLX,2026-08-24 00:00:00,https://www.sec.gov/Archives/edgar/data/1552000/000119312526362680/0001193125-26-362680-index.htm,8-K,8-K,https://www.sec.gov/Archives/edgar/data/1552000/000119312526362680/d178331d8k.htm,False,
BWMG,2026-08-24 00:00:00,https://www.sec.gov/Archives/edgar/data/1166708/000149315226039804/0001493152-26-039804-index.htm,8-K,8-K,https://www.sec.gov/Archives/edgar/data/1166708/000149315226039804/form8-k.htm,False,
SBMT,2026-08-24 00:00:00,https://www.sec.gov/Archives/edgar/data/2067674/000153949726002331/0001539497-26-002331-index.htm,8-K,FORM 8-K,https://www.sec.gov/Archives/edgar/data/2067674/000153949726002331/n5138_x29-8k.htm,True,
SBMT,2026-08-24 00:00:00,https://www.sec.gov/Archives/edgar/data/2067674/000153949726002331/0001539497-26-002331-index.htm,EX-10.1,"ASSET PURCHASE AGREEMENT DATED AUGUST 23, 2026",https://www.sec.gov/Archives/edgar/data/2067674/000153949726002331/exh10_1.htm,False,
SBMT,2026-08-24 00:00:00,https://www.sec.gov/Archives/edgar/data/2067674/000153949726002331/0001539497-26-002331-index.htm,EX-99.1,"PRESS RELEASE DATED AUGUST 24, 2026",https://www.sec.gov/Archives/edgar/data/2067674/000153949726002331/exh99_1.htm,False,
None,2026-08-24 00:00:00,https://www.sec.gov/Archives/edgar/data/1576047/000188852426014978/0001888524-26-014978-index.htm,8-K,,https://www.sec.gov/Archives/edgar/data/1576047/000188852426014978/wcm13c14_8k-08182026.htm,False,
WELPP,2026-08-24 00:00:00,https://www.sec.gov/Archives/edgar/data/107815/000110465926100160/0001104659-26-100160-index.htm,8-K,FORM 8-K,https://www.sec.gov/Archives/edgar/data/107815/000110465926100160/tm2623734d1_8k.htm,False,
WELPM,2026-08-24 00:00:00,https://www.sec.gov/Archives/edgar/data/107815/000110465926100160/0001104659-26-100160-index.htm,8-K,FORM 8-K,https://www.sec.gov/Archives/edgar/data/107815/000110465926100160/tm2623734d1_8k.htm,False,
UFPT,2026-08-24 00:00:00,https://www.sec.gov/Archives/edgar/data/914156/000162828026058536/0001628280-26-058536-index.htm,8-K,8-K RE INVESTOR PRESENTATION,https://www.sec.gov/Archives/edgar/data/914156/000162828026058536/ufpt-20260824.htm,False,
UFPT,2026-08-24 00:00:00,https://www.sec.gov/Archives/edgar/data/914156/000162828026058536/0001628280-26-058536-index.htm,EX-99.1,EX-99.1,https://www.sec.gov/Archives/edgar/data/914156/000162828026058536/ufpt_investorxaugust2026.htm,False,
NSSC,2026-08-24 00:00:00,https://www.sec.gov/Archives/edgar/data/69633/000110465926100077/0001104659-26-100077-index.htm,8-K,8-K,https://www.sec.gov/Archives/edgar/data/69633/000110465926100077/nssc-20260820x8k.htm,False,
NSSC,2026-08-24 00:00:00,https://www.sec.gov/Archives/edgar/data/69633/000110465926100077/0001104659-26-100077-index.htm,EX-99.1,EX-99.1,https://www.sec.gov/Archives/edgar/data/69633/000110465926100077/nssc-20260820xex99d1.htm,False,
MBUU,2026-08-24 00:00:00,https://www.sec.gov/Archives/edgar/data/1590976/000159097626000031/0001590976-26-000031-index.htm,8-K,8-K,https://www.sec.gov/Archives/edgar/data/1590976/000159097626000031/mbuu-20260818.htm,False,
CAPR,2026-08-24 00:00:00,https://www.sec.gov/Archives/edgar/data/1133869/000110465926100071/0001104659-26-100071-index.htm,8-K,8-K,https://www.sec.gov/Archives/edgar/data/1133869/000110465926100071/capr-20260824x8k.htm,False,
CAPR,2026-08-24 00:00:00,https://www.sec.gov/Archives/edgar/data/1133869/000110465926100071/0001104659-26-100071-index.htm,EX-99.1,EX-99.1,https://www.sec.gov/Archives/edgar/data/1133869/000110465926100071/capr-20260824xex99d1.htm,False,
MCACW,2026-08-24 00:00:00,https://www.sec.gov/Archives/edgar/data/1895249/000110465926100048/0001104659-26-100048-index.htm,8-K,FORM 8-K,https://www.sec.gov/Archives/edgar/data/1895249/000110465926100048/tm2623855d1_8k.htm,False,
MCACW,2026-08-24 00:00:00,https://www.sec.gov/Archives/edgar/data/1895249/000110465926100048/0001104659-26-100048-index.htm,EX-99.1,EXHIBIT 99.1,https://www.sec.gov/Archives/edgar/data/1895249/000110465926100048/tm2623855d1_ex99-1.htm,False,
MCAC,2026-08-24 00:00:00,https://www.sec.gov/Archives/edgar/data/1895249/000110465926100048/0001104659-26-100048-index.htm,8-K,FORM 8-K,https://www.sec.gov/Archives/edgar/data/1895249/000110465926100048/tm2623855d1_8k.htm,False,
MCAC,2026-08-24 00:00:00,https://www.sec.gov/Archives/edgar/data/1895249/000110465926100048/0001104659-26-100048-index.htm,EX-99.1,EXHIBIT 99.1,https://www.sec.gov/Archives/edgar/data/1895249/000110465926100048/tm2623855d1_ex99-1.htm,False,
MCACR,2026-08-24 00:00:00,https://www.sec.gov/Archives/edgar/data/1895249/000110465926100048/0001104659-26-100048-index.htm,8-K,FORM 8-K,https://www.sec.gov/Archives/edgar/data/1895249/000110465926100048/tm2623855d1_8k.htm,False,
MCACR,2026-08-24 00:00:00,https://www.sec.gov/Archives/edgar/data/1895249/000110465926100048/0001104659-26-100048-index.htm,EX-99.1,EXHIBIT 99.1,https://www.sec.gov/Archives/edgar/data/1895249/000110465926100048/tm2623855d1_ex99-1.htm,False,
MCACU,2026-08-24 00:00:00,https://www.sec.gov/Archives/edgar/data/1895249/000110465926100048/0001104659-26-100048-index.htm,8-K,FORM 8-K,https://www.sec.gov/Archives/edgar/data/1895249/000110465926100048/tm2623855d1_8k.htm,False,
MCACU,2026-08-24 00:00:00,https://www.sec.gov/Archives/edgar/data/1895249/000110465926100048/0001104659-26-100048-index.htm,EX-99.1,EXHIBIT 99.1,https://www.sec.gov/Archives/edgar/data/1895249/000110465926100048/tm2623855d1_ex99-1.htm,False,
CNTM,2026-08-24 00:00:00,https://www.sec.gov/Archives/edgar/data/1895249/000110465926100048/0001104659-26-100048-index.htm,8-K,FORM 8-K,https://www.sec.gov/Archives/edgar/data/1895249/000110465926100048/tm2623855d1_8k.htm,False,
CNTM,2026-08-24 00:00:00,https://www.sec.gov/Archives/edgar/data/1895249/000110465926100048/0001104659-26-100048-index.htm,EX-99.1,EXHIBIT 99.1,https://www.sec.gov/Archives/edgar/data/1895249/000110465926100048/tm2623855d1_ex99-1.htm,False,
KNW,2026-08-24 00:00:00,https://www.sec.gov/Archives/edgar/data/1074828/000107482826000071/0001074828-26-000071-index.htm,8-K,8-K,https://www.sec.gov/Archives/edgar/data/1074828/000107482826000071/usbc-20260821.htm,False,
KNWN,2026-08-24 00:00:00,https://www.sec.gov/Archives/edgar/data/1074828/000107482826000071/0001074828-26-000071-index.htm,8-K,8-K,https://www.sec.gov/Archives/edgar/data/1074828/000107482826000071/usbc-20260821.htm,False,
USBC,2026-08-24 00:00:00,https://www.sec.gov/Archives/edgar/data/1074828/000107482826000071/0001074828-26-000071-index.htm,8-K,8-K,https://www.sec.gov/Archives/edgar/data/1074828/000107482826000071/usbc-20260821.htm,False,
Z,2026-08-24 00:00:00,https://www.sec.gov/Archives/edgar/data/1617640/000161764026000056/0001617640-26-000056-index.htm,8-K,8-K,https://www.sec.gov/Archives/edgar/data/1617640/000161764026000056/z-20260822.htm,False,
Z,2026-08-24 00:00:00,https://www.sec.gov/Archives/edgar/data/1617640/000161764026000056/0001617640-26-000056-index.htm,EX-99.1,EX-99.1,https://www.sec.gov/Archives/edgar/data/1617640/000161764026000056/exhibit991.htm,False,
ZG,2026-08-24 00:00:00,https://www.sec.gov/Archives/edgar/data/1617640/000161764026000056/0001617640-26-000056-index.htm,8-K,8-K,https://www.sec.gov/Archives/edgar/data/1617640/000161764026000056/z-20260822.htm,False,
ZG,2026-08-24 00:00:00,https://www.sec.gov/Archives/edgar/data/1617640/000161764026000056/0001617640-26-000056-index.htm,EX-99.1,EX-99.1,https://www.sec.gov/Archives/edgar/data/1617640/000161764026000056/exhibit991.htm,False,
KNW,2026-08-24 00:00:00,https://www.sec.gov/Archives/edgar/data/1074828/000107482826000069/0001074828-26-000069-index.htm,8-K,8-K,https://www.sec.gov/Archives/edgar/data/1074828/000107482826000069/usbc-20260821.htm,False,
KNWN,2026-08-24 00:00:00,https://www.sec.gov/Archives/edgar/data/1074828/000107482826000069/0001074828-26-000069-index.htm,8-K,8-K,https://www.sec.gov/Archives/edgar/data/1074828/000107482826000069/usbc-20260821.htm,False,
USBC,2026-08-24 00:00:00,https://www.sec.gov/Archives/edgar/data/1074828/000107482826000069/0001074828-26-000069-index.htm,8-K,8-K,https://www.sec.gov/Archives/edgar/data/1074828/000107482826000069/usbc-20260821.htm,False,
TREX,2026-08-24 00:00:00,https://www.sec.gov/Archives/edgar/data/1069878/000119312526362066/0001193125-26-362066-index.htm,8-K,8-K,https://www.sec.gov/Archives/edgar/data/1069878/000119312526362066/trex-20260824.htm,False,
TREX,2026-08-24 00:00:00,https://www.sec.gov/Archives/edgar/data/1069878/000119312526362066/0001193125-26-362066-index.htm,EX-99.1,EX-99.1,https://www.sec.gov/Archives/edgar/data/1069878/000119312526362066/trex-ex99_1.htm,False,
OPTT,2026-08-24 00:00:00,https://www.sec.gov/Archives/edgar/data/1378140/000149315226039793/0001493152-26-039793-index.htm,8-K,8-K,https://www.sec.gov/Archives/edgar/data/1378140/000149315226039793/form8-k.htm,False,
OPTT,2026-08-24 00:00:00,https://www.sec.gov/Archives/edgar/data/1378140/000149315226039793/0001493152-26-039793-index.htm,EX-99.1,EX-99.1,https://www.sec.gov/Archives/edgar/data/1378140/000149315226039793/ex99-1.htm,False,
FBLG,2026-08-24 00:00:00,https://www.sec.gov/Archives/edgar/data/1958777/000119312526362027/0001193125-26-362027-index.htm,8-K,8-K,https://www.sec.gov/Archives/edgar/data/1958777/000119312526362027/fblg-20260820.htm,False,
FBLG,2026-08-24 00:00:00,https://www.sec.gov/Archives/edgar/data/1958777/000119312526362027/0001193125-26-362027-index.htm,EX-99.1,EX-99.1,https://www.sec.gov/Archives/edgar/data/1958777/000119312526362027/fblg-ex99_1.htm,False,
BMNR,2026-08-24 00:00:00,https://www.sec.gov/Archives/edgar/data/1829311/000149315226039789/0001493152-26-039789-index.htm,8-K,8-K,https://www.sec.gov/Archives/edgar/data/1829311/000149315226039789/form8-k.htm,False,
BMNR,2026-08-24 00:00:00,https://www.sec.gov/Archives/edgar/data/1829311/000149315226039789/0001493152-26-039789-index.htm,EX-99.1,EX-99.1,https://www.sec.gov/Archives/edgar/data/1829311/000149315226039789/ex99-1.htm,False,
SSHI,2026-08-24 00:00:00,https://www.sec.gov/Archives/edgar/data/1829311/000149315226039789/0001493152-26-039789-index.htm,8-K,8-K,https://www.sec.gov/Archives/edgar/data/1829311/000149315226039789/form8-k.htm,False,
SSHI,2026-08-24 00:00:00,https://www.sec.gov/Archives/edgar/data/1829311/000149315226039789/0001493152-26-039789-index.htm,EX-99.1,EX-99.1,https://www.sec.gov/Archives/edgar/data/1829311/000149315226039789/ex99-1.htm,False,
RMCF,2026-08-24 00:00:00,https://www.sec.gov/Archives/edgar/data/1616262/000121390026092815/0001213900-26-092815-index.htm,8-K,CURRENT REPORT,https://www.sec.gov/Archives/edgar/data/1616262/000121390026092815/ea0302937-8k_rocky.htm,False,
RMCF,2026-08-24 00:00:00,https://www.sec.gov/Archives/edgar/data/1616262/000121390026092815/0001213900-26-092815-index.htm,EX-10.1,"OFFER OF EMPLOYMENT, DATED AUGUST 17, 2025, BY AND BETWEEN ROCKY MOUNTAIN CHOCOL",https://www.sec.gov/Archives/edgar/data/1616262/000121390026092815/ea030293701ex10-1.htm,False,
RMCF,2026-08-24 00:00:00,https://www.sec.gov/Archives/edgar/data/1616262/000121390026092815/0001213900-26-092815-index.htm,EX-10.2,"AMENDMENT TO OFFER OF EMPLOYMENT, DATED AUGUST 18, 2026, BY AND BETWEEN ROCKY MO",https://www.sec.gov/Archives/edgar/data/1616262/000121390026092815/ea030293701ex10-2.htm,False,
RMCF,2026-08-24 00:00:00,https://www.sec.gov/Archives/edgar/data/1616262/000121390026092815/0001213900-26-092815-index.htm,EX-99.1,"PRESS RELEASE, DATED AUGUST 24, 2026",https://www.sec.gov/Archives/edgar/data/1616262/000121390026092815/ea030293701ex99-1.htm,False,
XPON,2026-08-24 00:00:00,https://www.sec.gov/Archives/edgar/data/1894954/000190359626000317/0001903596-26-000317-index.htm,8-K,,https://www.sec.gov/Archives/edgar/data/1894954/000190359626000317/xpon_8k.htm,True,
XPON,2026-08-24 00:00:00,https://www.sec.gov/Archives/edgar/data/1894954/000190359626000317/0001903596-26-000317-index.htm,EX-10.1,,https://www.sec.gov/Archives/edgar/data/1894954/000190359626000317/ex10_1.htm,True,
XPON,2026-08-24 00:00:00,https://www.sec.gov/Archives/edgar/data/1894954/000190359626000317/0001903596-26-000317-index.htm,EX-10.2,,https://www.sec.gov/Archives/edgar/data/1894954/000190359626000317/ex10_2.htm,False,
XPON,2026-08-24 00:00:00,https://www.sec.gov/Archives/edgar/data/1894954/000190359626000317/0001903596-26-000317-index.htm,EX-99.1,,https://www.sec.gov/Archives/edgar/data/1894954/000190359626000317/ex99_1.htm,False,
ATHS,2026-08-24 00:00:00,https://www.sec.gov/Archives/edgar/data/1527469/000152746926000066/0001527469-26-000066-index.htm,8-K,8-K,https://www.sec.gov/Archives/edgar/data/1527469/000152746926000066/ahl-20260824.htm,False,
ATH-PE,2026-08-24 00:00:00,https://www.sec.gov/Archives/edgar/data/1527469/000152746926000066/0001527469-26-000066-index.htm,8-K,8-K,https://www.sec.gov/Archives/edgar/data/1527469/000152746926000066/ahl-20260824.htm,False,
ATH,2026-08-24 00:00:00,https://www.sec.gov/Archives/edgar/data/1527469/000152746926000066/0001527469-26-000066-index.htm,8-K,8-K,https://www.sec.gov/Archives/edgar/data/1527469/000152746926000066/ahl-20260824.htm,False,
ATH-PB,2026-08-24 00:00:00,https://www.sec.gov/Archives/edgar/data/1527469/000152746926000066/0001527469-26-000066-index.htm,8-K,8-K,https://www.sec.gov/Archives/edgar/data/1527469/000152746926000066/ahl-20260824.htm,False,
ATH-PC,2026-08-24 00:00:00,https://www.sec.gov/Archives/edgar/data/1527469/000152746926000066/0001527469-26-000066-index.htm,8-K,8-K,https://www.sec.gov/Archives/edgar/data/1527469/000152746926000066/ahl-20260824.htm,False,
ATH-PD,2026-08-24 00:00:00,https://www.sec.gov/Archives/edgar/data/1527469/000152746926000066/0001527469-26-000066-index.htm,8-K,8-K,https://www.sec.gov/Archives/edgar/data/1527469/000152746926000066/ahl-20260824.htm,False,
ATH-PA,2026-08-24 00:00:00,https://www.sec.gov/Archives/edgar/data/1527469/000152746926000066/0001527469-26-000066-index.htm,8-K,8-K,https://www.sec.gov/Archives/edgar/data/1527469/000152746926000066/ahl-20260824.htm,False,
ATHLL,2026-08-24 00:00:00,https://www.sec.gov/Archives/edgar/data/1527469/000152746926000066/0001527469-26-000066-index.htm,8-K,8-K,https://www.sec.gov/Archives/edgar/data/1527469/000152746926000066/ahl-20260824.htm,False,
ATHLV,2026-08-24 00:00:00,https://www.sec.gov/Archives/edgar/data/1527469/000152746926000066/0001527469-26-000066-index.htm,8-K,8-K,https://www.sec.gov/Archives/edgar/data/1527469/000152746926000066/ahl-20260824.htm,False,
BAH,2026-08-24 00:00:00,https://www.sec.gov/Archives/edgar/data/1443646/000144364626000058/0001443646-26-000058-index.htm,8-K,8-K,https://www.sec.gov/Archives/edgar/data/1443646/000144364626000058/bah-20260824.htm,False,
BAH,2026-08-24 00:00:00,https://www.sec.gov/Archives/edgar/data/1443646/000144364626000058/0001443646-26-000058-index.htm,EX-99.1,EX-99.1,https://www.sec.gov/Archives/edgar/data/1443646/000144364626000058/ultraclosepressreleasevf.htm,False,
IPXXU,2026-08-24 00:00:00,https://www.sec.gov/Archives/edgar/data/1970622/000121390026092810/0001213900-26-092810-index.htm,8-K,CURRENT REPORT,https://www.sec.gov/Archives/edgar/data/1970622/000121390026092810/ea0302924-8k_usarare.htm,True,
IPXXU,2026-08-24 00:00:00,https://www.sec.gov/Archives/edgar/data/1970622/000121390026092810/0001213900-26-092810-index.htm,EX-99.1,"PRESS RELEASE, DATED AUGUST 24, 2026, ISSUED BY USA RARE EARTH, INC",https://www.sec.gov/Archives/edgar/data/1970622/000121390026092810/ea030292401ex99-1.htm,True,
IPXXW,2026-08-24 00:00:00,https://www.sec.gov/Archives/edgar/data/1970622/000121390026092810/0001213900-26-092810-index.htm,8-K,CURRENT REPORT,https://www.sec.gov/Archives/edgar/data/1970622/000121390026092810/ea0302924-8k_usarare.htm,True,
IPXXW,2026-08-24 00:00:00,https://www.sec.gov/Archives/edgar/data/1970622/000121390026092810/0001213900-26-092810-index.htm,EX-99.1,"PRESS RELEASE, DATED AUGUST 24, 2026, ISSUED BY USA RARE EARTH, INC",https://www.sec.gov/Archives/edgar/data/1970622/000121390026092810/ea030292401ex99-1.htm,True,
IPXX,2026-08-24 00:00:00,https://www.sec.gov/Archives/edgar/data/1970622/000121390026092810/0001213900-26-092810-index.htm,8-K,CURRENT REPORT,https://www.sec.gov/Archives/edgar/data/1970622/000121390026092810/ea0302924-8k_usarare.htm,True,
IPXX,2026-08-24 00:00:00,https://www.sec.gov/Archives/edgar/data/1970622/000121390026092810/0001213900-26-092810-index.htm,EX-99.1,"PRESS RELEASE, DATED AUGUST 24, 2026, ISSUED BY USA RARE EARTH, INC",https://www.sec.gov/Archives/edgar/data/1970622/000121390026092810/ea030292401ex99-1.htm,True,
USAR,2026-08-24 00:00:00,https://www.sec.gov/Archives/edgar/data/1970622/000121390026092810/0001213900-26-092810-index.htm,8-K,CURRENT REPORT,https://www.sec.gov/Archives/edgar/data/1970622/000121390026092810/ea0302924-8k_usarare.htm,True,
USAR,2026-08-24 00:00:00,https://www.sec.gov/Archives/edgar/data/1970622/000121390026092810/0001213900-26-092810-index.htm,EX-99.1,"PRESS RELEASE, DATED AUGUST 24, 2026, ISSUED BY USA RARE EARTH, INC",https://www.sec.gov/Archives/edgar/data/1970622/000121390026092810/ea030292401ex99-1.htm,True,
APO-PA,2026-08-24 00:00:00,https://www.sec.gov/Archives/edgar/data/1858681/000185868126000048/0001858681-26-000048-index.htm,8-K,8-K,https://www.sec.gov/Archives/edgar/data/1858681/000185868126000048/apo-20260824.htm,False,
APOS,2026-08-24 00:00:00,https://www.sec.gov/Archives/edgar/data/1858681/000185868126000048/0001858681-26-000048-index.htm,8-K,8-K,https://www.sec.gov/Archives/edgar/data/1858681/000185868126000048/apo-20260824.htm,False,
APO,2026-08-24 00:00:00,https://www.sec.gov/Archives/edgar/data/1858681/000185868126000048/0001858681-26-000048-index.htm,8-K,8-K,https://www.sec.gov/Archives/edgar/data/1858681/000185868126000048/apo-20260824.htm,False,
EMAT,2026-08-24 00:00:00,https://www.sec.gov/Archives/edgar/data/1866226/000121390026092809/0001213900-26-092809-index.htm,8-K,CURRENT REPORT,https://www.sec.gov/Archives/edgar/data/1866226/000121390026092809/ea0303122-8k_evolution.htm,False,
EMAT,2026-08-24 00:00:00,https://www.sec.gov/Archives/edgar/data/1866226/000121390026092809/0001213900-26-092809-index.htm,EX-99.1,"PRESS RELEASE DATED AUGUST 24, 2026",https://www.sec.gov/Archives/edgar/data/1866226/000121390026092809/ea030312201ex99-1.htm,False,
WTMA,2026-08-24 00:00:00,https://www.sec.gov/Archives/edgar/data/1866226/000121390026092809/0001213900-26-092809-index.htm,8-K,CURRENT REPORT,https://www.sec.gov/Archives/edgar/data/1866226/000121390026092809/ea0303122-8k_evolution.htm,False,
WTMA,2026-08-24 00:00:00,https://www.sec.gov/Archives/edgar/data/1866226/000121390026092809/0001213900-26-092809-index.htm,EX-99.1,"PRESS RELEASE DATED AUGUST 24, 2026",https://www.sec.gov/Archives/edgar/data/1866226/000121390026092809/ea030312201ex99-1.htm,False,
WTMAU,2026-08-24 00:00:00,https://www.sec.gov/Archives/edgar/data/1866226/000121390026092809/0001213900-26-092809-index.htm,8-K,CURRENT REPORT,https://www.sec.gov/Archives/edgar/data/1866226/000121390026092809/ea0303122-8k_evolution.htm,False,
WTMAU,2026-08-24 00:00:00,https://www.sec.gov/Archives/edgar/data/1866226/000121390026092809/0001213900-26-092809-index.htm,EX-99.1,"PRESS RELEASE DATED AUGUST 24, 2026",https://www.sec.gov/Archives/edgar/data/1866226/000121390026092809/ea030312201ex99-1.htm,False,
WTMAR,2026-08-24 00:00:00,https://www.sec.gov/Archives/edgar/data/1866226/000121390026092809/0001213900-26-092809-index.htm,8-K,CURRENT REPORT,https://www.sec.gov/Archives/edgar/data/1866226/000121390026092809/ea0303122-8k_evolution.htm,False,
WTMAR,2026-08-24 00:00:00,https://www.sec.gov/Archives/edgar/data/1866226/000121390026092809/0001213900-26-092809-index.htm,EX-99.1,"PRESS RELEASE DATED AUGUST 24, 2026",https://www.sec.gov/Archives/edgar/data/1866226/000121390026092809/ea030312201ex99-1.htm,False,
QCRH,2026-08-24 00:00:00,https://www.sec.gov/Archives/edgar/data/906465/000117184326005713/0001171843-26-005713-index.htm,8-K,FORM 8-K,https://www.sec.gov/Archives/edgar/data/906465/000117184326005713/f8k_082126.htm,False,
QCRH,2026-08-24 00:00:00,https://www.sec.gov/Archives/edgar/data/906465/000117184326005713/0001171843-26-005713-index.htm,EX-99.1,PRESS RELEASE,https://www.sec.gov/Archives/edgar/data/906465/000117184326005713/exh_991.htm,False,
BCDA,2026-08-24 00:00:00,https://www.sec.gov/Archives/edgar/data/925741/000143774926028778/0001437749-26-028778-index.htm,8-K,FORM 8-K,https://www.sec.gov/Archives/edgar/data/925741/000143774926028778/bcda20260821_8k.htm,False,
BCDA,2026-08-24 00:00:00,https://www.sec.gov/Archives/edgar/data/925741/000143774926028778/0001437749-26-028778-index.htm,EX-99.1,EXHIBIT 99.1,https://www.sec.gov/Archives/edgar/data/925741/000143774926028778/ex_1008188.htm,False,
BCDAW,2026-08-24 00:00:00,https://www.sec.gov/Archives/edgar/data/925741/000143774926028778/0001437749-26-028778-index.htm,8-K,FORM 8-K,https://www.sec.gov/Archives/edgar/data/925741/000143774926028778/bcda20260821_8k.htm,False,
BCDAW,2026-08-24 00:00:00,https://www.sec.gov/Archives/edgar/data/925741/000143774926028778/0001437749-26-028778-index.htm,EX-99.1,EXHIBIT 99.1,https://www.sec.gov/Archives/edgar/data/925741/000143774926028778/ex_1008188.htm,False,
ERAS,2026-08-24 00:00:00,https://www.sec.gov/Archives/edgar/data/1761918/000119312526361895/0001193125-26-361895-index.htm,8-K,8-K,https://www.sec.gov/Archives/edgar/data/1761918/000119312526361895/eras-20260824.htm,False,
KRP,2026-08-24 00:00:00,https://www.sec.gov/Archives/edgar/data/1657788/000110465926099989/0001104659-26-099989-index.htm,8-K,FORM 8-K,https://www.sec.gov/Archives/edgar/data/1657788/000110465926099989/tm2623866d1_8k.htm,True,
KRP,2026-08-24 00:00:00,https://www.sec.gov/Archives/edgar/data/1657788/000110465926099989/0001104659-26-099989-index.htm,EX-99.1,EXHIBIT 99.1,https://www.sec.gov/Archives/edgar/data/1657788/000110465926099989/tm2623866d1_ex99-1.htm,True,
JUNSW,2026-08-24 00:00:00,https://www.sec.gov/Archives/edgar/data/1679628/000149315226039785/0001493152-26-039785-index.htm,8-K,8-K,https://www.sec.gov/Archives/edgar/data/1679628/000149315226039785/form8-k.htm,True,
JUNSW,2026-08-24 00:00:00,https://www.sec.gov/Archives/edgar/data/1679628/000149315226039785/0001493152-26-039785-index.htm,EX-10.1,EX-10.1,https://www.sec.gov/Archives/edgar/data/1679628/000149315226039785/ex10-1.htm,True,
JUNSW,2026-08-24 00:00:00,https://www.sec.gov/Archives/edgar/data/1679628/000149315226039785/0001493152-26-039785-index.htm,EX-99.1,EX-99.1,https://www.sec.gov/Archives/edgar/data/1679628/000149315226039785/ex99-1.htm,False,
JUNS,2026-08-24 00:00:00,https://www.sec.gov/Archives/edgar/data/1679628/000149315226039785/0001493152-26-039785-index.htm,8-K,8-K,https://www.sec.gov/Archives/edgar/data/1679628/000149315226039785/form8-k.htm,True,
JUNS,2026-08-24 00:00:00,https://www.sec.gov/Archives/edgar/data/1679628/000149315226039785/0001493152-26-039785-index.htm,EX-10.1,EX-10.1,https://www.sec.gov/Archives/edgar/data/1679628/000149315226039785/ex10-1.htm,True,
JUNS,2026-08-24 00:00:00,https://www.sec.gov/Archives/edgar/data/1679628/000149315226039785/0001493152-26-039785-index.htm,EX-99.1,EX-99.1,https://www.sec.gov/Archives/edgar/data/1679628/000149315226039785/ex99-1.htm,False,
TZUP,2026-08-24 00:00:00,https://www.sec.gov/Archives/edgar/data/1853825/000149315226039786/0001493152-26-039786-index.htm,8-K,8-K,https://www.sec.gov/Archives/edgar/data/1853825/000149315226039786/form8-k.htm,False,
TZUP,2026-08-24 00:00:00,https://www.sec.gov/Archives/edgar/data/1853825/000149315226039786/0001493152-26-039786-index.htm,EX-99.1,EX-99.1,https://www.sec.gov/Archives/edgar/data/1853825/000149315226039786/ex99-1.htm,False,
AZTA,2026-08-24 00:00:00,https://www.sec.gov/Archives/edgar/data/933974/000162828026058519/0001628280-26-058519-index.htm,8-K,8-K,https://www.sec.gov/Archives/edgar/data/933974/000162828026058519/azta-20260822.htm,False,
AZTA,2026-08-24 00:00:00,https://www.sec.gov/Archives/edgar/data/933974/000162828026058519/0001628280-26-058519-index.htm,EX-99.1,EX-99.1,https://www.sec.gov/Archives/edgar/data/933974/000162828026058519/pressreleasedatedaugust2.htm,False,
BRKS,2026-08-24 00:00:00,https://www.sec.gov/Archives/edgar/data/933974/000162828026058519/0001628280-26-058519-index.htm,8-K,8-K,https://www.sec.gov/Archives/edgar/data/933974/000162828026058519/azta-20260822.htm,False,
BRKS,2026-08-24 00:00:00,https://www.sec.gov/Archives/edgar/data/933974/000162828026058519/0001628280-26-058519-index.htm,EX-99.1,EX-99.1,https://www.sec.gov/Archives/edgar/data/933974/000162828026058519/pressreleasedatedaugust2.htm,False,
ADIA,2026-08-24 00:00:00,https://www.sec.gov/Archives/edgar/data/1160420/000168316826006679/0001683168-26-006679-index.htm,8-K,CURRENT REPORT,https://www.sec.gov/Archives/edgar/data/1160420/000168316826006679/adia_8k.htm,True,
ADIA,2026-08-24 00:00:00,https://www.sec.gov/Archives/edgar/data/1160420/000168316826006679/0001683168-26-006679-index.htm,EX-10.1,ENGAGEMENT LETTER,https://www.sec.gov/Archives/edgar/data/1160420/000168316826006679/adia_ex1001.htm,False,
STRC,2026-08-24 00:00:00,https://www.sec.gov/Archives/edgar/data/1050446/000119312526361845/0001193125-26-361845-index.htm,8-K,8-K,https://www.sec.gov/Archives/edgar/data/1050446/000119312526361845/mstr-20260824.htm,False,
STRF,2026-08-24 00:00:00,https://www.sec.gov/Archives/edgar/data/1050446/000119312526361845/0001193125-26-361845-index.htm,8-K,8-K,https://www.sec.gov/Archives/edgar/data/1050446/000119312526361845/mstr-20260824.htm,False,
STRK,2026-08-24 00:00:00,https://www.sec.gov/Archives/edgar/data/1050446/000119312526361845/0001193125-26-361845-index.htm,8-K,8-K,https://www.sec.gov/Archives/edgar/data/1050446/000119312526361845/mstr-20260824.htm,False,
STRD,2026-08-24 00:00:00,https://www.sec.gov/Archives/edgar/data/1050446/000119312526361845/0001193125-26-361845-index.htm,8-K,8-K,https://www.sec.gov/Archives/edgar/data/1050446/000119312526361845/mstr-20260824.htm,False,
MSTR,2026-08-24 00:00:00,https://www.sec.gov/Archives/edgar/data/1050446/000119312526361845/0001193125-26-361845-index.htm,8-K,8-K,https://www.sec.gov/Archives/edgar/data/1050446/000119312526361845/mstr-20260824.htm,False,
SATA,2026-08-24 00:00:00,https://www.sec.gov/Archives/edgar/data/1920406/000162828026058518/0001628280-26-058518-index.htm,8-K,8-K,https://www.sec.gov/Archives/edgar/data/1920406/000162828026058518/asst-20260824.htm,False,
ASST,2026-08-24 00:00:00,https://www.sec.gov/Archives/edgar/data/1920406/000162828026058518/0001628280-26-058518-index.htm,8-K,8-K,https://www.sec.gov/Archives/edgar/data/1920406/000162828026058518/asst-20260824.htm,False,
EDBL,2026-08-24 00:00:00,https://www.sec.gov/Archives/edgar/data/1809750/000147793226005237/0001477932-26-005237-index.htm,8-K,FORM 8-K,https://www.sec.gov/Archives/edgar/data/1809750/000147793226005237/edbl_8k.htm,False,
EDBLW,2026-08-24 00:00:00,https://www.sec.gov/Archives/edgar/data/1809750/000147793226005237/0001477932-26-005237-index.htm,8-K,FORM 8-K,https://www.sec.gov/Archives/edgar/data/1809750/000147793226005237/edbl_8k.htm,False,
CFVIU,2026-08-24 00:00:00,https://www.sec.gov/Archives/edgar/data/1830081/000121390026092801/0001213900-26-092801-index.htm,8-K,CURRENT REPORT,https://www.sec.gov/Archives/edgar/data/1830081/000121390026092801/ea0303131-8k_rumgroup.htm,True,
CFVI,2026-08-24 00:00:00,https://www.sec.gov/Archives/edgar/data/1830081/000121390026092801/0001213900-26-092801-index.htm,8-K,CURRENT REPORT,https://www.sec.gov/Archives/edgar/data/1830081/000121390026092801/ea0303131-8k_rumgroup.htm,True,
CFVIW,2026-08-24 00:00:00,https://www.sec.gov/Archives/edgar/data/1830081/000121390026092801/0001213900-26-092801-index.htm,8-K,CURRENT REPORT,https://www.sec.gov/Archives/edgar/data/1830081/000121390026092801/ea0303131-8k_rumgroup.htm,True,
RUM,2026-08-24 00:00:00,https://www.sec.gov/Archives/edgar/data/1830081/000121390026092801/0001213900-26-092801-index.htm,8-K,CURRENT REPORT,https://www.sec.gov/Archives/edgar/data/1830081/000121390026092801/ea0303131-8k_rumgroup.htm,True,
RUMBW,2026-08-24 00:00:00,https://www.sec.gov/Archives/edgar/data/1830081/000121390026092801/0001213900-26-092801-index.htm,8-K,CURRENT REPORT,https://www.sec.gov/Archives/edgar/data/1830081/000121390026092801/ea0303131-8k_rumgroup.htm,True,
MLM,2026-08-24 00:00:00,https://www.sec.gov/Archives/edgar/data/916076/000095015726000946/0000950157-26-000946-index.htm,8-K,CURRENT REPORT,https://www.sec.gov/Archives/edgar/data/916076/000095015726000946/form8-k.htm,True,
MLM,2026-08-24 00:00:00,https://www.sec.gov/Archives/edgar/data/916076/000095015726000946/0000950157-26-000946-index.htm,EX-10.1,SHAREHOLDERS AGREEMENT,https://www.sec.gov/Archives/edgar/data/916076/000095015726000946/ex10-1.htm,False,
MLM,2026-08-24 00:00:00,https://www.sec.gov/Archives/edgar/data/916076/000095015726000946/0000950157-26-000946-index.htm,EX-10.2,REGISTRATION RIGHTS AGREEMENT,https://www.sec.gov/Archives/edgar/data/916076/000095015726000946/ex10-2.htm,False,
MLM,2026-08-24 00:00:00,https://www.sec.gov/Archives/edgar/data/916076/000095015726000946/0000950157-26-000946-index.htm,EX-99.1,PRESS RELEASE,https://www.sec.gov/Archives/edgar/data/916076/000095015726000946/ex99-1.htm,False,
SLNH,2026-08-24 00:00:00,https://www.sec.gov/Archives/edgar/data/64463/000149315226039781/0001493152-26-039781-index.htm,8-K,8-K,https://www.sec.gov/Archives/edgar/data/64463/000149315226039781/form8-k.htm,False,
SLNH,2026-08-24 00:00:00,https://www.sec.gov/Archives/edgar/data/64463/000149315226039781/0001493152-26-039781-index.htm,EX-99.1,EX-99.1,https://www.sec.gov/Archives/edgar/data/64463/000149315226039781/ex99-1.htm,False,
SLNHP,2026-08-24 00:00:00,https://www.sec.gov/Archives/edgar/data/64463/000149315226039781/0001493152-26-039781-index.htm,8-K,8-K,https://www.sec.gov/Archives/edgar/data/64463/000149315226039781/form8-k.htm,False,
SLNHP,2026-08-24 00:00:00,https://www.sec.gov/Archives/edgar/data/64463/000149315226039781/0001493152-26-039781-index.htm,EX-99.1,EX-99.1,https://www.sec.gov/Archives/edgar/data/64463/000149315226039781/ex99-1.htm,False,
MKTY,2026-08-24 00:00:00,https://www.sec.gov/Archives/edgar/data/64463/000149315226039781/0001493152-26-039781-index.htm,8-K,8-K,https://www.sec.gov/Archives/edgar/data/64463/000149315226039781/form8-k.htm,False,
MKTY,2026-08-24 00:00:00,https://www.sec.gov/Archives/edgar/data/64463/000149315226039781/0001493152-26-039781-index.htm,EX-99.1,EX-99.1,https://www.sec.gov/Archives/edgar/data/64463/000149315226039781/ex99-1.htm,False,
EMAT,2026-08-24 00:00:00,https://www.sec.gov/Archives/edgar/data/1866226/000121390026092795/0001213900-26-092795-index.htm,8-K,CURRENT REPORT,https://www.sec.gov/Archives/edgar/data/1866226/000121390026092795/ea0303123-8k_evolution.htm,False,
WTMA,2026-08-24 00:00:00,https://www.sec.gov/Archives/edgar/data/1866226/000121390026092795/0001213900-26-092795-index.htm,8-K,CURRENT REPORT,https://www.sec.gov/Archives/edgar/data/1866226/000121390026092795/ea0303123-8k_evolution.htm,False,
WTMAU,2026-08-24 00:00:00,https://www.sec.gov/Archives/edgar/data/1866226/000121390026092795/0001213900-26-092795-index.htm,8-K,CURRENT REPORT,https://www.sec.gov/Archives/edgar/data/1866226/000121390026092795/ea0303123-8k_evolution.htm,False,
WTMAR,2026-08-24 00:00:00,https://www.sec.gov/Archives/edgar/data/1866226/000121390026092795/0001213900-26-092795-index.htm,8-K,CURRENT REPORT,https://www.sec.gov/Archives/edgar/data/1866226/000121390026092795/ea0303123-8k_evolution.htm,False,
PM,2026-08-24 00:00:00,https://www.sec.gov/Archives/edgar/data/1413329/000162828026058513/0001628280-26-058513-index.htm,8-K,8-K,https://www.sec.gov/Archives/edgar/data/1413329/000162828026058513/pm-20260824.htm,False,
PM,2026-08-24 00:00:00,https://www.sec.gov/Archives/edgar/data/1413329/000162828026058513/0001628280-26-058513-index.htm,EX-99.1,EX-99.1,https://www.sec.gov/Archives/edgar/data/1413329/000162828026058513/a2026-08x24pressrelease.htm,False,
ANIP,2026-08-24 00:00:00,https://www.sec.gov/Archives/edgar/data/1023024/000102302426000071/0001023024-26-000071-index.htm,8-K,8-K,https://www.sec.gov/Archives/edgar/data/1023024/000102302426000071/ani-20260819.htm,False,
ANIP,2026-08-24 00:00:00,https://www.sec.gov/Archives/edgar/data/1023024/000102302426000071/0001023024-26-000071-index.htm,EX-99.1,EX-99.1,https://www.sec.gov/Archives/edgar/data/1023024/000102302426000071/anip-20260824xexx991.htm,False,
DTIL,2026-08-24 00:00:00,https://www.sec.gov/Archives/edgar/data/1357874/000162828026058512/0001628280-26-058512-index.htm,8-K,8-K,https://www.sec.gov/Archives/edgar/data/1357874/000162828026058512/dtil-20260824.htm,False,
DTIL,2026-08-24 00:00:00,https://www.sec.gov/Archives/edgar/data/1357874/000162828026058512/0001628280-26-058512-index.htm,EX-99.1,EX-99.1,https://www.sec.gov/Archives/edgar/data/1357874/000162828026058512/a08242026dmdfpdpressrelease.htm,False,
BTAI,2026-08-24 00:00:00,https://www.sec.gov/Archives/edgar/data/1720893/000110465926099900/0001104659-26-099900-index.htm,8-K,FORM 8-K,https://www.sec.gov/Archives/edgar/data/1720893/000110465926099900/tm2623861d1_8k.htm,True,
BTAI,2026-08-24 00:00:00,https://www.sec.gov/Archives/edgar/data/1720893/000110465926099900/0001104659-26-099900-index.htm,EX-10.1,EXHIBIT 10.1,https://www.sec.gov/Archives/edgar/data/1720893/000110465926099900/tm2623861d1_ex10-1.htm,True,
NWS,2026-08-24 00:00:00,https://www.sec.gov/Archives/edgar/data/1564708/000156470826000186/0001564708-26-000186-index.htm,8-K,8-K,https://www.sec.gov/Archives/edgar/data/1564708/000156470826000186/nws-20260821.htm,False,
NWS,2026-08-24 00:00:00,https://www.sec.gov/Archives/edgar/data/1564708/000156470826000186/0001564708-26-000186-index.htm,EX-99.1,EX-99.1,https://www.sec.gov/Archives/edgar/data/1564708/000156470826000186/appendix3cclassa20260821.htm,False,
NWSA,2026-08-24 00:00:00,https://www.sec.gov/Archives/edgar/data/1564708/000156470826000186/0001564708-26-000186-index.htm,8-K,8-K,https://www.sec.gov/Archives/edgar/data/1564708/000156470826000186/nws-20260821.htm,False,
NWSA,2026-08-24 00:00:00,https://www.sec.gov/Archives/edgar/data/1564708/000156470826000186/0001564708-26-000186-index.htm,EX-99.1,EX-99.1,https://www.sec.gov/Archives/edgar/data/1564708/000156470826000186/appendix3cclassa20260821.htm,False,
EXR,2026-08-24 00:00:00,https://www.sec.gov/Archives/edgar/data/1289490/000128949026000058/0001289490-26-000058-index.htm,8-K,8-K,https://www.sec.gov/Archives/edgar/data/1289490/000128949026000058/exr-20260824.htm,False,
EXR,2026-08-24 00:00:00,https://www.sec.gov/Archives/edgar/data/1289490/000128949026000058/0001289490-26-000058-index.htm,EX-99.1,EX-99.1,https://www.sec.gov/Archives/edgar/data/1289490/000128949026000058/aug2026ex991announcement.htm,False,
LODE,2026-08-24 00:00:00,https://www.sec.gov/Archives/edgar/data/1120970/000143774926028777/0001437749-26-028777-index.htm,8-K,FORM 8-K,https://www.sec.gov/Archives/edgar/data/1120970/000143774926028777/lode20260818_8k.htm,False,
LODE,2026-08-24 00:00:00,https://www.sec.gov/Archives/edgar/data/1120970/000143774926028777/0001437749-26-028777-index.htm,EX-99.1,EXHIBIT 99.1,https://www.sec.gov/Archives/edgar/data/1120970/000143774926028777/ex_1008239.htm,False,
KLXE,2026-08-24 00:00:00,https://www.sec.gov/Archives/edgar/data/1738827/000119312526361735/0001193125-26-361735-index.htm,8-K,8-K,https://www.sec.gov/Archives/edgar/data/1738827/000119312526361735/d454213d8k.htm,False,
KLXE,2026-08-24 00:00:00,https://www.sec.gov/Archives/edgar/data/1738827/000119312526361735/0001193125-26-361735-index.htm,EX-99.1,EX-99.1,https://www.sec.gov/Archives/edgar/data/1738827/000119312526361735/d454213dex991.htm,False,
SOC,2026-08-24 00:00:00,https://www.sec.gov/Archives/edgar/data/1831481/000183148126000108/0001831481-26-000108-index.htm,8-K,8-K,https://www.sec.gov/Archives/edgar/data/1831481/000183148126000108/socc-20260819.htm,False,
SOC,2026-08-24 00:00:00,https://www.sec.gov/Archives/edgar/data/1831481/000183148126000108/0001831481-26-000108-index.htm,EX-99.1,EX-99.1,https://www.sec.gov/Archives/edgar/data/1831481/000183148126000108/a2026081986ordergranting.htm,False,
FLME-WT,2026-08-24 00:00:00,https://www.sec.gov/Archives/edgar/data/1831481/000183148126000108/0001831481-26-000108-index.htm,8-K,8-K,https://www.sec.gov/Archives/edgar/data/1831481/000183148126000108/socc-20260819.htm,False,
FLME-WT,2026-08-24 00:00:00,https://www.sec.gov/Archives/edgar/data/1831481/000183148126000108/0001831481-26-000108-index.htm,EX-99.1,EX-99.1,https://www.sec.gov/Archives/edgar/data/1831481/000183148126000108/a2026081986ordergranting.htm,False,
FLME-UN,2026-08-24 00:00:00,https://www.sec.gov/Archives/edgar/data/1831481/000183148126000108/0001831481-26-000108-index.htm,8-K,8-K,https://www.sec.gov/Archives/edgar/data/1831481/000183148126000108/socc-20260819.htm,False,
FLME-UN,2026-08-24 00:00:00,https://www.sec.gov/Archives/edgar/data/1831481/000183148126000108/0001831481-26-000108-index.htm,EX-99.1,EX-99.1,https://www.sec.gov/Archives/edgar/data/1831481/000183148126000108/a2026081986ordergranting.htm,False,
FLME,2026-08-24 00:00:00,https://www.sec.gov/Archives/edgar/data/1831481/000183148126000108/0001831481-26-000108-index.htm,8-K,8-K,https://www.sec.gov/Archives/edgar/data/1831481/000183148126000108/socc-20260819.htm,False,
FLME,2026-08-24 00:00:00,https://www.sec.gov/Archives/edgar/data/1831481/000183148126000108/0001831481-26-000108-index.htm,EX-99.1,EX-99.1,https://www.sec.gov/Archives/edgar/data/1831481/000183148126000108/a2026081986ordergranting.htm,False,
PQG,2026-08-24 00:00:00,https://www.sec.gov/Archives/edgar/data/1708035/000119312526361724/0001193125-26-361724-index.htm,8-K,8-K,https://www.sec.gov/Archives/edgar/data/1708035/000119312526361724/d279297d8k.htm,False,
PQG,2026-08-24 00:00:00,https://www.sec.gov/Archives/edgar/data/1708035/000119312526361724/0001193125-26-361724-index.htm,EX-99.1,EX-99.1,https://www.sec.gov/Archives/edgar/data/1708035/000119312526361724/d279297dex991.htm,False,
ECVT,2026-08-24 00:00:00,https://www.sec.gov/Archives/edgar/data/1708035/000119312526361724/0001193125-26-361724-index.htm,8-K,8-K,https://www.sec.gov/Archives/edgar/data/1708035/000119312526361724/d279297d8k.htm,False,
ECVT,2026-08-24 00:00:00,https://www.sec.gov/Archives/edgar/data/1708035/000119312526361724/0001193125-26-361724-index.htm,EX-99.1,EX-99.1,https://www.sec.gov/Archives/edgar/data/1708035/000119312526361724/d279297dex991.htm,False,
CJMB,2026-08-24 00:00:00,https://www.sec.gov/Archives/edgar/data/2032545/000149315226039761/0001493152-26-039761-index.htm,8-K,8-K,https://www.sec.gov/Archives/edgar/data/2032545/000149315226039761/form8-k.htm,True,
CJMB,2026-08-24 00:00:00,https://www.sec.gov/Archives/edgar/data/2032545/000149315226039761/0001493152-26-039761-index.htm,EX-10.1,EX-10.1,https://www.sec.gov/Archives/edgar/data/2032545/000149315226039761/ex10-1.htm,False,
BRCC,2026-08-24 00:00:00,https://www.sec.gov/Archives/edgar/data/1891101/000189110126000043/0001891101-26-000043-index.htm,8-K,8-K,https://www.sec.gov/Archives/edgar/data/1891101/000189110126000043/brcc-20260821.htm,False,
AITX,2026-08-24 00:00:00,https://www.sec.gov/Archives/edgar/data/1498148/000106299326004561/0001062993-26-004561-index.htm,8-K,FORM 8-K,https://www.sec.gov/Archives/edgar/data/1498148/000106299326004561/form8k.htm,False,
AITX,2026-08-24 00:00:00,https://www.sec.gov/Archives/edgar/data/1498148/000106299326004561/0001062993-26-004561-index.htm,EX-99.1,EXHIBIT 99.1,https://www.sec.gov/Archives/edgar/data/1498148/000106299326004561/exhibit99-1.htm,False,
AITXD,2026-08-24 00:00:00,https://www.sec.gov/Archives/edgar/data/1498148/000106299326004561/0001062993-26-004561-index.htm,8-K,FORM 8-K,https://www.sec.gov/Archives/edgar/data/1498148/000106299326004561/form8k.htm,False,
AITXD,2026-08-24 00:00:00,https://www.sec.gov/Archives/edgar/data/1498148/000106299326004561/0001062993-26-004561-index.htm,EX-99.1,EXHIBIT 99.1,https://www.sec.gov/Archives/edgar/data/1498148/000106299326004561/exhibit99-1.htm,False,
CTKB,2026-08-24 00:00:00,https://www.sec.gov/Archives/edgar/data/1831915/000119312526361705/0001193125-26-361705-index.htm,8-K,8-K,https://www.sec.gov/Archives/edgar/data/1831915/000119312526361705/d137695d8k.htm,False,
CTKB,2026-08-24 00:00:00,https://www.sec.gov/Archives/edgar/data/1831915/000119312526361705/0001193125-26-361705-index.htm,EX-99.1,EX-99.1,https://www.sec.gov/Archives/edgar/data/1831915/000119312526361705/d137695dex991.htm,False,
None,2026-08-24 00:00:00,https://www.sec.gov/Archives/edgar/data/2012139/000119312526361673/0001193125-26-361673-index.htm,8-K,8-K,https://www.sec.gov/Archives/edgar/data/2012139/000119312526361673/ck0002012139-20260820.htm,False,
